species,ability,is_hidden,slot
bulbasaur,overgrow,0,1
bulbasaur,chlorophyll,1,3
ivysaur,overgrow,0,1
ivysaur,chlorophyll,1,3
venusaur,overgrow,0,1
venusaur,chlorophyll,1,3
charmander,blaze,0,1
charmander,solar-power,1,3
charmeleon,blaze,0,1
charmeleon,solar-power,1,3
charizard,blaze,0,1
charizard,solar-power,1,3
squirtle,torrent,0,1
squirtle,rain-dish,1,3
wartortle,torrent,0,1
wartortle,rain-dish,1,3
blastoise,torrent,0,1
blastoise,rain-dish,1,3
caterpie,shield-dust,0,1
caterpie,run-away,1,3
metapod,shed-skin,0,1
butterfree,compound-eyes,0,1
butterfree,tinted-lens,1,3
weedle,shield-dust,0,1
weedle,run-away,1,3
kakuna,shed-skin,0,1
beedrill,swarm,0,1
beedrill,sniper,1,3
pidgey,keen-eye,0,1
pidgey,tangled-feet,0,2
pidgey,big-pecks,1,3
pidgeotto,keen-eye,0,1
pidgeotto,tangled-feet,0,2
pidgeotto,big-pecks,1,3
pidgeot,keen-eye,0,1
pidgeot,tangled-feet,0,2
pidgeot,big-pecks,1,3
rattata,run-away,0,1
rattata,guts,0,2
rattata,hustle,1,3
raticate,run-away,0,1
raticate,guts,0,2
raticate,hustle,1,3
spearow,keen-eye,0,1
spearow,sniper,1,3
fearow,keen-eye,0,1
fearow,sniper,1,3
ekans,intimidate,0,1
ekans,shed-skin,0,2
ekans,unnerve,1,3
arbok,intimidate,0,1
arbok,shed-skin,0,2
arbok,unnerve,1,3
pikachu,static,0,1
pikachu,lightning-rod,1,3
raichu,static,0,1
raichu,lightning-rod,1,3
sandshrew,sand-veil,0,1
sandshrew,sand-rush,1,3
sandslash,sand-veil,0,1
sandslash,sand-rush,1,3
nidoran-f,poison-point,0,1
nidoran-f,rivalry,0,2
nidoran-f,hustle,1,3
nidorina,poison-point,0,1
nidorina,rivalry,0,2
nidorina,hustle,1,3
nidoqueen,poison-point,0,1
nidoqueen,rivalry,0,2
nidoqueen,sheer-force,1,3
nidoran-m,poison-point,0,1
nidoran-m,rivalry,0,2
nidoran-m,hustle,1,3
nidorino,poison-point,0,1
nidorino,rivalry,0,2
nidorino,hustle,1,3
nidoking,poison-point,0,1
nidoking,rivalry,0,2
nidoking,sheer-force,1,3
clefairy,cute-charm,0,1
clefairy,magic-guard,0,2
clefairy,friend-guard,1,3
clefable,cute-charm,0,1
clefable,magic-guard,0,2
clefable,unaware,1,3
vulpix,flash-fire,0,1
vulpix,drought,1,3
ninetales,flash-fire,0,1
ninetales,drought,1,3
jigglypuff,cute-charm,0,1
jigglypuff,competitive,0,2
jigglypuff,friend-guard,1,3
wigglytuff,cute-charm,0,1
wigglytuff,competitive,0,2
wigglytuff,frisk,1,3
zubat,inner-focus,0,1
zubat,infiltrator,1,3
golbat,inner-focus,0,1
golbat,infiltrator,1,3
oddish,chlorophyll,0,1
oddish,run-away,1,3
gloom,chlorophyll,0,1
gloom,stench,1,3
vileplume,chlorophyll,0,1
vileplume,effect-spore,1,3
paras,effect-spore,0,1
paras,dry-skin,0,2
paras,damp,1,3
parasect,effect-spore,0,1
parasect,dry-skin,0,2
parasect,damp,1,3
venonat,compound-eyes,0,1
venonat,tinted-lens,0,2
venonat,run-away,1,3
venomoth,shield-dust,0,1
venomoth,tinted-lens,0,2
venomoth,wonder-skin,1,3
diglett,sand-veil,0,1
diglett,arena-trap,0,2
diglett,sand-force,1,3
dugtrio,sand-veil,0,1
dugtrio,arena-trap,0,2
dugtrio,sand-force,1,3
meowth,pickup,0,1
meowth,technician,0,2
meowth,unnerve,1,3
persian,limber,0,1
persian,technician,0,2
persian,unnerve,1,3
psyduck,damp,0,1
psyduck,cloud-nine,0,2
psyduck,swift-swim,1,3
golduck,damp,0,1
golduck,cloud-nine,0,2
golduck,swift-swim,1,3
mankey,vital-spirit,0,1
mankey,anger-point,0,2
mankey,defiant,1,3
primeape,vital-spirit,0,1
primeape,anger-point,0,2
primeape,defiant,1,3
growlithe,intimidate,0,1
growlithe,flash-fire,0,2
growlithe,justified,1,3
arcanine,intimidate,0,1
arcanine,flash-fire,0,2
arcanine,justified,1,3
poliwag,water-absorb,0,1
poliwag,damp,0,2
poliwag,swift-swim,1,3
poliwhirl,water-absorb,0,1
poliwhirl,damp,0,2
poliwhirl,swift-swim,1,3
poliwrath,water-absorb,0,1
poliwrath,damp,0,2
poliwrath,swift-swim,1,3
abra,synchronize,0,1
abra,inner-focus,0,2
abra,magic-guard,1,3
kadabra,synchronize,0,1
kadabra,inner-focus,0,2
kadabra,magic-guard,1,3
alakazam,synchronize,0,1
alakazam,inner-focus,0,2
alakazam,magic-guard,1,3
machop,guts,0,1
machop,no-guard,0,2
machop,steadfast,1,3
machoke,guts,0,1
machoke,no-guard,0,2
machoke,steadfast,1,3
machamp,guts,0,1
machamp,no-guard,0,2
machamp,steadfast,1,3
bellsprout,chlorophyll,0,1
bellsprout,gluttony,1,3
weepinbell,chlorophyll,0,1
weepinbell,gluttony,1,3
victreebel,chlorophyll,0,1
victreebel,gluttony,1,3
tentacool,clear-body,0,1
tentacool,liquid-ooze,0,2
tentacool,rain-dish,1,3
tentacruel,clear-body,0,1
tentacruel,liquid-ooze,0,2
tentacruel,rain-dish,1,3
geodude,rock-head,0,1
geodude,sturdy,0,2
geodude,sand-veil,1,3
graveler,rock-head,0,1
graveler,sturdy,0,2
graveler,sand-veil,1,3
golem,rock-head,0,1
golem,sturdy,0,2
golem,sand-veil,1,3
ponyta,run-away,0,1
ponyta,flash-fire,0,2
ponyta,flame-body,1,3
rapidash,run-away,0,1
rapidash,flash-fire,0,2
rapidash,flame-body,1,3
slowpoke,oblivious,0,1
slowpoke,own-tempo,0,2
slowpoke,regenerator,1,3
slowbro,oblivious,0,1
slowbro,own-tempo,0,2
slowbro,regenerator,1,3
magnemite,magnet-pull,0,1
magnemite,sturdy,0,2
magnemite,analytic,1,3
magneton,magnet-pull,0,1
magneton,sturdy,0,2
magneton,analytic,1,3
farfetchd,keen-eye,0,1
farfetchd,inner-focus,0,2
farfetchd,defiant,1,3
doduo,run-away,0,1
doduo,early-bird,0,2
doduo,tangled-feet,1,3
dodrio,run-away,0,1
dodrio,early-bird,0,2
dodrio,tangled-feet,1,3
seel,thick-fat,0,1
seel,hydration,0,2
seel,ice-body,1,3
dewgong,thick-fat,0,1
dewgong,hydration,0,2
dewgong,ice-body,1,3
grimer,stench,0,1
grimer,sticky-hold,0,2
grimer,poison-touch,1,3
muk,stench,0,1
muk,sticky-hold,0,2
muk,poison-touch,1,3
shellder,shell-armor,0,1
shellder,skill-link,0,2
shellder,overcoat,1,3
cloyster,shell-armor,0,1
cloyster,skill-link,0,2
cloyster,overcoat,1,3
gastly,levitate,0,1
haunter,levitate,0,1
gengar,levitate,0,1
onix,rock-head,0,1
onix,sturdy,0,2
onix,weak-armor,1,3
drowzee,insomnia,0,1
drowzee,forewarn,0,2
drowzee,inner-focus,1,3
hypno,insomnia,0,1
hypno,forewarn,0,2
hypno,inner-focus,1,3
krabby,hyper-cutter,0,1
krabby,shell-armor,0,2
krabby,sheer-force,1,3
kingler,hyper-cutter,0,1
kingler,shell-armor,0,2
kingler,sheer-force,1,3
voltorb,soundproof,0,1
voltorb,static,0,2
voltorb,aftermath,1,3
electrode,soundproof,0,1
electrode,static,0,2
electrode,aftermath,1,3
exeggcute,chlorophyll,0,1
exeggcute,harvest,1,3
exeggutor,chlorophyll,0,1
exeggutor,harvest,1,3
cubone,rock-head,0,1
cubone,lightning-rod,0,2
cubone,battle-armor,1,3
marowak,rock-head,0,1
marowak,lightning-rod,0,2
marowak,battle-armor,1,3
hitmonlee,limber,0,1
hitmonlee,reckless,0,2
hitmonlee,unburden,1,3
hitmonchan,keen-eye,0,1
hitmonchan,iron-fist,0,2
hitmonchan,inner-focus,1,3
lickitung,own-tempo,0,1
lickitung,oblivious,0,2
lickitung,cloud-nine,1,3
koffing,levitate,0,1
weezing,levitate,0,1
rhyhorn,lightning-rod,0,1
rhyhorn,rock-head,0,2
rhyhorn,reckless,1,3
rhydon,lightning-rod,0,1
rhydon,rock-head,0,2
rhydon,reckless,1,3
chansey,natural-cure,0,1
chansey,serene-grace,0,2
chansey,healer,1,3
tangela,chlorophyll,0,1
tangela,leaf-guard,0,2
tangela,regenerator,1,3
kangaskhan,early-bird,0,1
kangaskhan,scrappy,0,2
kangaskhan,inner-focus,1,3
horsea,swift-swim,0,1
horsea,sniper,0,2
horsea,damp,1,3
seadra,poison-point,0,1
seadra,sniper,0,2
seadra,damp,1,3
goldeen,swift-swim,0,1
goldeen,water-veil,0,2
goldeen,lightning-rod,1,3
seaking,swift-swim,0,1
seaking,water-veil,0,2
seaking,lightning-rod,1,3
staryu,illuminate,0,1
staryu,natural-cure,0,2
staryu,analytic,1,3
starmie,illuminate,0,1
starmie,natural-cure,0,2
starmie,analytic,1,3
mr-mime,soundproof,0,1
mr-mime,filter,0,2
mr-mime,technician,1,3
scyther,swarm,0,1
scyther,technician,0,2
scyther,steadfast,1,3
jynx,oblivious,0,1
jynx,forewarn,0,2
jynx,dry-skin,1,3
electabuzz,static,0,1
electabuzz,vital-spirit,1,3
magmar,flame-body,0,1
magmar,vital-spirit,1,3
pinsir,hyper-cutter,0,1
pinsir,mold-breaker,0,2
pinsir,moxie,1,3
tauros,intimidate,0,1
tauros,anger-point,0,2
tauros,sheer-force,1,3
magikarp,swift-swim,0,1
magikarp,rattled,1,3
gyarados,intimidate,0,1
gyarados,moxie,1,3
lapras,water-absorb,0,1
lapras,shell-armor,0,2
lapras,hydration,1,3
ditto,limber,0,1
ditto,imposter,1,3
eevee,run-away,0,1
eevee,adaptability,0,2
eevee,anticipation,1,3
vaporeon,water-absorb,0,1
vaporeon,hydration,1,3
jolteon,volt-absorb,0,1
jolteon,quick-feet,1,3
flareon,flash-fire,0,1
flareon,guts,1,3
porygon,trace,0,1
porygon,download,0,2
porygon,analytic,1,3
omanyte,swift-swim,0,1
omanyte,shell-armor,0,2
omanyte,weak-armor,1,3
omastar,swift-swim,0,1
omastar,shell-armor,0,2
omastar,weak-armor,1,3
kabuto,swift-swim,0,1
kabuto,battle-armor,0,2
kabuto,weak-armor,1,3
kabutops,swift-swim,0,1
kabutops,battle-armor,0,2
kabutops,weak-armor,1,3
aerodactyl,rock-head,0,1
aerodactyl,pressure,0,2
aerodactyl,unnerve,1,3
snorlax,immunity,0,1
snorlax,thick-fat,0,2
snorlax,gluttony,1,3
articuno,pressure,0,1
articuno,snow-cloak,1,3
zapdos,pressure,0,1
zapdos,static,1,3
moltres,pressure,0,1
moltres,flame-body,1,3
dratini,shed-skin,0,1
dratini,marvel-scale,1,3
dragonair,shed-skin,0,1
dragonair,marvel-scale,1,3
dragonite,inner-focus,0,1
dragonite,multiscale,1,3
mewtwo,pressure,0,1
mewtwo,unnerve,1,3
mew,synchronize,0,1
chikorita,overgrow,0,1
chikorita,leaf-guard,1,3
bayleef,overgrow,0,1
bayleef,leaf-guard,1,3
meganium,overgrow,0,1
meganium,leaf-guard,1,3
cyndaquil,blaze,0,1
cyndaquil,flash-fire,1,3
quilava,blaze,0,1
quilava,flash-fire,1,3
typhlosion,blaze,0,1
typhlosion,flash-fire,1,3
totodile,torrent,0,1
totodile,sheer-force,1,3
croconaw,torrent,0,1
croconaw,sheer-force,1,3
feraligatr,torrent,0,1
feraligatr,sheer-force,1,3
sentret,run-away,0,1
sentret,keen-eye,0,2
sentret,frisk,1,3
furret,run-away,0,1
furret,keen-eye,0,2
furret,frisk,1,3
hoothoot,insomnia,0,1
hoothoot,keen-eye,0,2
hoothoot,tinted-lens,1,3
noctowl,insomnia,0,1
noctowl,keen-eye,0,2
noctowl,tinted-lens,1,3
ledyba,swarm,0,1
ledyba,early-bird,0,2
ledyba,rattled,1,3
ledian,swarm,0,1
ledian,early-bird,0,2
ledian,iron-fist,1,3
spinarak,swarm,0,1
spinarak,insomnia,0,2
spinarak,sniper,1,3
ariados,swarm,0,1
ariados,insomnia,0,2
ariados,sniper,1,3
crobat,inner-focus,0,1
crobat,infiltrator,1,3
chinchou,volt-absorb,0,1
chinchou,illuminate,0,2
chinchou,water-absorb,1,3
lanturn,volt-absorb,0,1
lanturn,illuminate,0,2
lanturn,water-absorb,1,3
pichu,static,0,1
pichu,lightning-rod,1,3
cleffa,cute-charm,0,1
cleffa,magic-guard,0,2
cleffa,friend-guard,1,3
igglybuff,cute-charm,0,1
igglybuff,competitive,0,2
igglybuff,friend-guard,1,3
togepi,hustle,0,1
togepi,serene-grace,0,2
togepi,super-luck,1,3
togetic,hustle,0,1
togetic,serene-grace,0,2
togetic,super-luck,1,3
natu,synchronize,0,1
natu,early-bird,0,2
natu,magic-bounce,1,3
xatu,synchronize,0,1
xatu,early-bird,0,2
xatu,magic-bounce,1,3
mareep,static,0,1
mareep,plus,1,3
flaaffy,static,0,1
flaaffy,plus,1,3
ampharos,static,0,1
ampharos,plus,1,3
bellossom,chlorophyll,0,1
bellossom,healer,1,3
marill,thick-fat,0,1
marill,huge-power,0,2
marill,sap-sipper,1,3
azumarill,thick-fat,0,1
azumarill,huge-power,0,2
azumarill,sap-sipper,1,3
sudowoodo,sturdy,0,1
sudowoodo,rock-head,0,2
sudowoodo,rattled,1,3
politoed,water-absorb,0,1
politoed,damp,0,2
politoed,drizzle,1,3
hoppip,chlorophyll,0,1
hoppip,leaf-guard,0,2
hoppip,infiltrator,1,3
skiploom,chlorophyll,0,1
skiploom,leaf-guard,0,2
skiploom,infiltrator,1,3
jumpluff,chlorophyll,0,1
jumpluff,leaf-guard,0,2
jumpluff,infiltrator,1,3
aipom,run-away,0,1
aipom,pickup,0,2
aipom,skill-link,1,3
sunkern,chlorophyll,0,1
sunkern,solar-power,0,2
sunkern,early-bird,1,3
sunflora,chlorophyll,0,1
sunflora,solar-power,0,2
sunflora,early-bird,1,3
yanma,speed-boost,0,1
yanma,compound-eyes,0,2
yanma,frisk,1,3
wooper,damp,0,1
wooper,water-absorb,0,2
wooper,unaware,1,3
quagsire,damp,0,1
quagsire,water-absorb,0,2
quagsire,unaware,1,3
espeon,synchronize,0,1
espeon,magic-bounce,1,3
umbreon,synchronize,0,1
umbreon,inner-focus,1,3
murkrow,insomnia,0,1
murkrow,super-luck,0,2
murkrow,prankster,1,3
slowking,oblivious,0,1
slowking,own-tempo,0,2
slowking,regenerator,1,3
misdreavus,levitate,0,1
unown,levitate,0,1
wobbuffet,shadow-tag,0,1
wobbuffet,telepathy,1,3
girafarig,inner-focus,0,1
girafarig,early-bird,0,2
girafarig,sap-sipper,1,3
pineco,sturdy,0,1
pineco,overcoat,1,3
forretress,sturdy,0,1
forretress,overcoat,1,3
dunsparce,serene-grace,0,1
dunsparce,run-away,0,2
dunsparce,rattled,1,3
gligar,hyper-cutter,0,1
gligar,sand-veil,0,2
gligar,immunity,1,3
steelix,rock-head,0,1
steelix,sturdy,0,2
steelix,sheer-force,1,3
snubbull,intimidate,0,1
snubbull,run-away,0,2
snubbull,rattled,1,3
granbull,intimidate,0,1
granbull,quick-feet,0,2
granbull,rattled,1,3
qwilfish,poison-point,0,1
qwilfish,swift-swim,0,2
qwilfish,intimidate,1,3
scizor,swarm,0,1
scizor,technician,0,2
scizor,light-metal,1,3
shuckle,sturdy,0,1
shuckle,gluttony,0,2
shuckle,contrary,1,3
heracross,swarm,0,1
heracross,guts,0,2
heracross,moxie,1,3
sneasel,inner-focus,0,1
sneasel,keen-eye,0,2
sneasel,pickpocket,1,3
teddiursa,pickup,0,1
teddiursa,quick-feet,0,2
teddiursa,honey-gather,1,3
ursaring,guts,0,1
ursaring,quick-feet,0,2
ursaring,unnerve,1,3
slugma,magma-armor,0,1
slugma,flame-body,0,2
slugma,weak-armor,1,3
magcargo,magma-armor,0,1
magcargo,flame-body,0,2
magcargo,weak-armor,1,3
swinub,oblivious,0,1
swinub,snow-cloak,0,2
swinub,thick-fat,1,3
piloswine,oblivious,0,1
piloswine,snow-cloak,0,2
piloswine,thick-fat,1,3
corsola,hustle,0,1
corsola,natural-cure,0,2
corsola,regenerator,1,3
remoraid,hustle,0,1
remoraid,sniper,0,2
remoraid,moody,1,3
octillery,suction-cups,0,1
octillery,sniper,0,2
octillery,moody,1,3
delibird,vital-spirit,0,1
delibird,hustle,0,2
delibird,insomnia,1,3
mantine,swift-swim,0,1
mantine,water-absorb,0,2
mantine,water-veil,1,3
skarmory,keen-eye,0,1
skarmory,sturdy,0,2
skarmory,weak-armor,1,3
houndour,early-bird,0,1
houndour,flash-fire,0,2
houndour,unnerve,1,3
houndoom,early-bird,0,1
houndoom,flash-fire,0,2
houndoom,unnerve,1,3
kingdra,swift-swim,0,1
kingdra,sniper,0,2
kingdra,damp,1,3
phanpy,pickup,0,1
phanpy,sand-veil,1,3
donphan,sturdy,0,1
donphan,sand-veil,1,3
porygon2,trace,0,1
porygon2,download,0,2
porygon2,analytic,1,3
stantler,intimidate,0,1
stantler,frisk,0,2
stantler,sap-sipper,1,3
smeargle,own-tempo,0,1
smeargle,technician,0,2
smeargle,moody,1,3
tyrogue,guts,0,1
tyrogue,steadfast,0,2
tyrogue,vital-spirit,1,3
hitmontop,intimidate,0,1
hitmontop,technician,0,2
hitmontop,steadfast,1,3
smoochum,oblivious,0,1
smoochum,forewarn,0,2
smoochum,hydration,1,3
elekid,static,0,1
elekid,vital-spirit,1,3
magby,flame-body,0,1
magby,vital-spirit,1,3
miltank,thick-fat,0,1
miltank,scrappy,0,2
miltank,sap-sipper,1,3
blissey,natural-cure,0,1
blissey,serene-grace,0,2
blissey,healer,1,3
raikou,pressure,0,1
raikou,volt-absorb,1,3
entei,pressure,0,1
entei,flash-fire,1,3
suicune,pressure,0,1
suicune,water-absorb,1,3
larvitar,guts,0,1
larvitar,sand-veil,1,3
pupitar,shed-skin,0,1
tyranitar,sand-stream,0,1
tyranitar,unnerve,1,3
lugia,pressure,0,1
lugia,multiscale,1,3
ho-oh,pressure,0,1
ho-oh,regenerator,1,3
celebi,natural-cure,0,1
treecko,overgrow,0,1
treecko,unburden,1,3
grovyle,overgrow,0,1
grovyle,unburden,1,3
sceptile,overgrow,0,1
sceptile,unburden,1,3
torchic,blaze,0,1
torchic,speed-boost,1,3
combusken,blaze,0,1
combusken,speed-boost,1,3
blaziken,blaze,0,1
blaziken,speed-boost,1,3
mudkip,torrent,0,1
mudkip,damp,1,3
marshtomp,torrent,0,1
marshtomp,damp,1,3
swampert,torrent,0,1
swampert,damp,1,3
poochyena,run-away,0,1
poochyena,quick-feet,0,2
poochyena,rattled,1,3
mightyena,intimidate,0,1
mightyena,quick-feet,0,2
mightyena,moxie,1,3
zigzagoon,pickup,0,1
zigzagoon,gluttony,0,2
zigzagoon,quick-feet,1,3
linoone,pickup,0,1
linoone,gluttony,0,2
linoone,quick-feet,1,3
wurmple,shield-dust,0,1
wurmple,run-away,1,3
silcoon,shed-skin,0,1
beautifly,swarm,0,1
beautifly,rivalry,1,3
cascoon,shed-skin,0,1
dustox,shield-dust,0,1
dustox,compound-eyes,1,3
lotad,swift-swim,0,1
lotad,rain-dish,0,2
lotad,own-tempo,1,3
lombre,swift-swim,0,1
lombre,rain-dish,0,2
lombre,own-tempo,1,3
ludicolo,swift-swim,0,1
ludicolo,rain-dish,0,2
ludicolo,own-tempo,1,3
seedot,chlorophyll,0,1
seedot,early-bird,0,2
seedot,pickpocket,1,3
nuzleaf,chlorophyll,0,1
nuzleaf,early-bird,0,2
nuzleaf,pickpocket,1,3
shiftry,chlorophyll,0,1
shiftry,early-bird,0,2
shiftry,pickpocket,1,3
taillow,guts,0,1
taillow,scrappy,1,3
swellow,guts,0,1
swellow,scrappy,1,3
wingull,keen-eye,0,1
wingull,rain-dish,1,3
pelipper,keen-eye,0,1
pelipper,rain-dish,1,3
ralts,synchronize,0,1
ralts,trace,0,2
ralts,telepathy,1,3
kirlia,synchronize,0,1
kirlia,trace,0,2
kirlia,telepathy,1,3
gardevoir,synchronize,0,1
gardevoir,trace,0,2
gardevoir,telepathy,1,3
surskit,swift-swim,0,1
surskit,rain-dish,1,3
masquerain,intimidate,0,1
masquerain,unnerve,1,3
shroomish,effect-spore,0,1
shroomish,poison-heal,0,2
shroomish,quick-feet,1,3
breloom,effect-spore,0,1
breloom,poison-heal,0,2
breloom,technician,1,3
slakoth,truant,0,1
vigoroth,vital-spirit,0,1
slaking,truant,0,1
nincada,compound-eyes,0,1
nincada,run-away,1,3
ninjask,speed-boost,0,1
ninjask,infiltrator,1,3
shedinja,wonder-guard,0,1
whismur,soundproof,0,1
whismur,rattled,1,3
loudred,soundproof,0,1
loudred,scrappy,1,3
exploud,soundproof,0,1
exploud,scrappy,1,3
makuhita,thick-fat,0,1
makuhita,guts,0,2
makuhita,sheer-force,1,3
hariyama,thick-fat,0,1
hariyama,guts,0,2
hariyama,sheer-force,1,3
azurill,thick-fat,0,1
azurill,huge-power,0,2
azurill,sap-sipper,1,3
nosepass,sturdy,0,1
nosepass,magnet-pull,0,2
nosepass,sand-force,1,3
skitty,cute-charm,0,1
skitty,normalize,0,2
skitty,wonder-skin,1,3
delcatty,cute-charm,0,1
delcatty,normalize,0,2
delcatty,wonder-skin,1,3
sableye,keen-eye,0,1
sableye,stall,0,2
sableye,prankster,1,3
mawile,hyper-cutter,0,1
mawile,intimidate,0,2
mawile,sheer-force,1,3
aron,sturdy,0,1
aron,rock-head,0,2
aron,heavy-metal,1,3
lairon,sturdy,0,1
lairon,rock-head,0,2
lairon,heavy-metal,1,3
aggron,sturdy,0,1
aggron,rock-head,0,2
aggron,heavy-metal,1,3
meditite,pure-power,0,1
meditite,telepathy,1,3
medicham,pure-power,0,1
medicham,telepathy,1,3
electrike,static,0,1
electrike,lightning-rod,0,2
electrike,minus,1,3
manectric,static,0,1
manectric,lightning-rod,0,2
manectric,minus,1,3
plusle,plus,0,1
plusle,lightning-rod,1,3
minun,minus,0,1
minun,volt-absorb,1,3
volbeat,illuminate,0,1
volbeat,swarm,0,2
volbeat,prankster,1,3
illumise,oblivious,0,1
illumise,tinted-lens,0,2
illumise,prankster,1,3
roselia,natural-cure,0,1
roselia,poison-point,0,2
roselia,leaf-guard,1,3
gulpin,liquid-ooze,0,1
gulpin,sticky-hold,0,2
gulpin,gluttony,1,3
swalot,liquid-ooze,0,1
swalot,sticky-hold,0,2
swalot,gluttony,1,3
carvanha,rough-skin,0,1
carvanha,speed-boost,1,3
sharpedo,rough-skin,0,1
sharpedo,speed-boost,1,3
wailmer,water-veil,0,1
wailmer,oblivious,0,2
wailmer,pressure,1,3
wailord,water-veil,0,1
wailord,oblivious,0,2
wailord,pressure,1,3
numel,oblivious,0,1
numel,simple,0,2
numel,own-tempo,1,3
camerupt,magma-armor,0,1
camerupt,solid-rock,0,2
camerupt,anger-point,1,3
torkoal,white-smoke,0,1
torkoal,shell-armor,1,3
spoink,thick-fat,0,1
spoink,own-tempo,0,2
spoink,gluttony,1,3
grumpig,thick-fat,0,1
grumpig,own-tempo,0,2
grumpig,gluttony,1,3
spinda,own-tempo,0,1
spinda,tangled-feet,0,2
spinda,contrary,1,3
trapinch,hyper-cutter,0,1
trapinch,arena-trap,0,2
trapinch,sheer-force,1,3
vibrava,levitate,0,1
flygon,levitate,0,1
cacnea,sand-veil,0,1
cacnea,water-absorb,1,3
cacturne,sand-veil,0,1
cacturne,water-absorb,1,3
swablu,natural-cure,0,1
swablu,cloud-nine,1,3
altaria,natural-cure,0,1
altaria,cloud-nine,1,3
zangoose,immunity,0,1
zangoose,toxic-boost,1,3
seviper,shed-skin,0,1
seviper,infiltrator,1,3
lunatone,levitate,0,1
solrock,levitate,0,1
barboach,oblivious,0,1
barboach,anticipation,0,2
barboach,hydration,1,3
whiscash,oblivious,0,1
whiscash,anticipation,0,2
whiscash,hydration,1,3
corphish,hyper-cutter,0,1
corphish,shell-armor,0,2
corphish,adaptability,1,3
crawdaunt,hyper-cutter,0,1
crawdaunt,shell-armor,0,2
crawdaunt,adaptability,1,3
baltoy,levitate,0,1
claydol,levitate,0,1
lileep,suction-cups,0,1
lileep,storm-drain,1,3
cradily,suction-cups,0,1
cradily,storm-drain,1,3
anorith,battle-armor,0,1
anorith,swift-swim,1,3
armaldo,battle-armor,0,1
armaldo,swift-swim,1,3
feebas,swift-swim,0,1
feebas,oblivious,0,2
feebas,adaptability,1,3
milotic,marvel-scale,0,1
milotic,competitive,0,2
milotic,cute-charm,1,3
castform,forecast,0,1
kecleon,color-change,0,1
kecleon,protean,1,3
shuppet,insomnia,0,1
shuppet,frisk,0,2
shuppet,cursed-body,1,3
banette,insomnia,0,1
banette,frisk,0,2
banette,cursed-body,1,3
duskull,levitate,0,1
duskull,frisk,1,3
dusclops,pressure,0,1
dusclops,frisk,1,3
tropius,chlorophyll,0,1
tropius,solar-power,0,2
tropius,harvest,1,3
chimecho,levitate,0,1
absol,pressure,0,1
absol,super-luck,0,2
absol,justified,1,3
wynaut,shadow-tag,0,1
wynaut,telepathy,1,3
snorunt,inner-focus,0,1
snorunt,ice-body,0,2
snorunt,moody,1,3
glalie,inner-focus,0,1
glalie,ice-body,0,2
glalie,moody,1,3
spheal,thick-fat,0,1
spheal,ice-body,0,2
spheal,oblivious,1,3
sealeo,thick-fat,0,1
sealeo,ice-body,0,2
sealeo,oblivious,1,3
walrein,thick-fat,0,1
walrein,ice-body,0,2
walrein,oblivious,1,3
clamperl,shell-armor,0,1
clamperl,rattled,1,3
huntail,swift-swim,0,1
huntail,water-veil,1,3
gorebyss,swift-swim,0,1
gorebyss,hydration,1,3
relicanth,swift-swim,0,1
relicanth,rock-head,0,2
relicanth,sturdy,1,3
luvdisc,swift-swim,0,1
luvdisc,hydration,1,3
bagon,rock-head,0,1
bagon,sheer-force,1,3
shelgon,rock-head,0,1
shelgon,overcoat,1,3
salamence,intimidate,0,1
salamence,moxie,1,3
beldum,clear-body,0,1
beldum,light-metal,1,3
metang,clear-body,0,1
metang,light-metal,1,3
metagross,clear-body,0,1
metagross,light-metal,1,3
regirock,clear-body,0,1
regirock,sturdy,1,3
regice,clear-body,0,1
regice,ice-body,1,3
registeel,clear-body,0,1
registeel,light-metal,1,3
latias,levitate,0,1
latios,levitate,0,1
kyogre,drizzle,0,1
groudon,drought,0,1
rayquaza,air-lock,0,1
jirachi,serene-grace,0,1
deoxys-normal,pressure,0,1
turtwig,overgrow,0,1
turtwig,shell-armor,1,3
grotle,overgrow,0,1
grotle,shell-armor,1,3
torterra,overgrow,0,1
torterra,shell-armor,1,3
chimchar,blaze,0,1
chimchar,iron-fist,1,3
monferno,blaze,0,1
monferno,iron-fist,1,3
infernape,blaze,0,1
infernape,iron-fist,1,3
piplup,torrent,0,1
piplup,defiant,1,3
prinplup,torrent,0,1
prinplup,defiant,1,3
empoleon,torrent,0,1
empoleon,defiant,1,3
starly,keen-eye,0,1
starly,reckless,1,3
staravia,intimidate,0,1
staravia,reckless,1,3
staraptor,intimidate,0,1
staraptor,reckless,1,3
bidoof,simple,0,1
bidoof,unaware,0,2
bidoof,moody,1,3
bibarel,simple,0,1
bibarel,unaware,0,2
bibarel,moody,1,3
kricketot,shed-skin,0,1
kricketot,run-away,1,3
kricketune,swarm,0,1
kricketune,technician,1,3
shinx,rivalry,0,1
shinx,intimidate,0,2
shinx,guts,1,3
luxio,rivalry,0,1
luxio,intimidate,0,2
luxio,guts,1,3
luxray,rivalry,0,1
luxray,intimidate,0,2
luxray,guts,1,3
budew,natural-cure,0,1
budew,poison-point,0,2
budew,leaf-guard,1,3
roserade,natural-cure,0,1
roserade,poison-point,0,2
roserade,technician,1,3
cranidos,mold-breaker,0,1
cranidos,sheer-force,1,3
rampardos,mold-breaker,0,1
rampardos,sheer-force,1,3
shieldon,sturdy,0,1
shieldon,soundproof,1,3
bastiodon,sturdy,0,1
bastiodon,soundproof,1,3
burmy,shed-skin,0,1
burmy,overcoat,1,3
wormadam-plant,anticipation,0,1
wormadam-plant,overcoat,1,3
mothim,swarm,0,1
mothim,tinted-lens,1,3
combee,honey-gather,0,1
combee,hustle,1,3
vespiquen,pressure,0,1
vespiquen,unnerve,1,3
pachirisu,run-away,0,1
pachirisu,pickup,0,2
pachirisu,volt-absorb,1,3
buizel,swift-swim,0,1
buizel,water-veil,1,3
floatzel,swift-swim,0,1
floatzel,water-veil,1,3
cherubi,chlorophyll,0,1
cherrim,flower-gift,0,1
shellos,sticky-hold,0,1
shellos,storm-drain,0,2
shellos,sand-force,1,3
gastrodon,sticky-hold,0,1
gastrodon,storm-drain,0,2
gastrodon,sand-force,1,3
ambipom,technician,0,1
ambipom,pickup,0,2
ambipom,skill-link,1,3
drifloon,aftermath,0,1
drifloon,unburden,0,2
drifloon,flare-boost,1,3
drifblim,aftermath,0,1
drifblim,unburden,0,2
drifblim,flare-boost,1,3
buneary,run-away,0,1
buneary,klutz,0,2
buneary,limber,1,3
lopunny,cute-charm,0,1
lopunny,klutz,0,2
lopunny,limber,1,3
mismagius,levitate,0,1
honchkrow,insomnia,0,1
honchkrow,super-luck,0,2
honchkrow,moxie,1,3
glameow,limber,0,1
glameow,own-tempo,0,2
glameow,keen-eye,1,3
purugly,thick-fat,0,1
purugly,own-tempo,0,2
purugly,defiant,1,3
chingling,levitate,0,1
stunky,stench,0,1
stunky,aftermath,0,2
stunky,keen-eye,1,3
skuntank,stench,0,1
skuntank,aftermath,0,2
skuntank,keen-eye,1,3
bronzor,levitate,0,1
bronzor,heatproof,0,2
bronzor,heavy-metal,1,3
bronzong,levitate,0,1
bronzong,heatproof,0,2
bronzong,heavy-metal,1,3
bonsly,sturdy,0,1
bonsly,rock-head,0,2
bonsly,rattled,1,3
mime-jr,soundproof,0,1
mime-jr,filter,0,2
mime-jr,technician,1,3
happiny,natural-cure,0,1
happiny,serene-grace,0,2
happiny,friend-guard,1,3
chatot,keen-eye,0,1
chatot,tangled-feet,0,2
chatot,big-pecks,1,3
spiritomb,pressure,0,1
spiritomb,infiltrator,1,3
gible,sand-veil,0,1
gible,rough-skin,1,3
gabite,sand-veil,0,1
gabite,rough-skin,1,3
garchomp,sand-veil,0,1
garchomp,rough-skin,1,3
munchlax,pickup,0,1
munchlax,thick-fat,0,2
munchlax,gluttony,1,3
riolu,steadfast,0,1
riolu,inner-focus,0,2
riolu,prankster,1,3
lucario,steadfast,0,1
lucario,inner-focus,0,2
lucario,justified,1,3
hippopotas,sand-stream,0,1
hippopotas,sand-force,1,3
hippowdon,sand-stream,0,1
hippowdon,sand-force,1,3
skorupi,battle-armor,0,1
skorupi,sniper,0,2
skorupi,keen-eye,1,3
drapion,battle-armor,0,1
drapion,sniper,0,2
drapion,keen-eye,1,3
croagunk,anticipation,0,1
croagunk,dry-skin,0,2
croagunk,poison-touch,1,3
toxicroak,anticipation,0,1
toxicroak,dry-skin,0,2
toxicroak,poison-touch,1,3
carnivine,levitate,0,1
finneon,swift-swim,0,1
finneon,storm-drain,0,2
finneon,water-veil,1,3
lumineon,swift-swim,0,1
lumineon,storm-drain,0,2
lumineon,water-veil,1,3
mantyke,swift-swim,0,1
mantyke,water-absorb,0,2
mantyke,water-veil,1,3
snover,snow-warning,0,1
snover,soundproof,1,3
abomasnow,snow-warning,0,1
abomasnow,soundproof,1,3
weavile,pressure,0,1
weavile,pickpocket,1,3
magnezone,magnet-pull,0,1
magnezone,sturdy,0,2
magnezone,analytic,1,3
lickilicky,own-tempo,0,1
lickilicky,oblivious,0,2
lickilicky,cloud-nine,1,3
rhyperior,lightning-rod,0,1
rhyperior,solid-rock,0,2
rhyperior,reckless,1,3
tangrowth,chlorophyll,0,1
tangrowth,leaf-guard,0,2
tangrowth,regenerator,1,3
electivire,motor-drive,0,1
electivire,vital-spirit,1,3
magmortar,flame-body,0,1
magmortar,vital-spirit,1,3
togekiss,hustle,0,1
togekiss,serene-grace,0,2
togekiss,super-luck,1,3
yanmega,speed-boost,0,1
yanmega,tinted-lens,0,2
yanmega,frisk,1,3
leafeon,leaf-guard,0,1
leafeon,chlorophyll,1,3
glaceon,snow-cloak,0,1
glaceon,ice-body,1,3
gliscor,hyper-cutter,0,1
gliscor,sand-veil,0,2
gliscor,poison-heal,1,3
mamoswine,oblivious,0,1
mamoswine,snow-cloak,0,2
mamoswine,thick-fat,1,3
porygon-z,adaptability,0,1
porygon-z,download,0,2
porygon-z,analytic,1,3
gallade,steadfast,0,1
gallade,justified,1,3
probopass,sturdy,0,1
probopass,magnet-pull,0,2
probopass,sand-force,1,3
dusknoir,pressure,0,1
dusknoir,frisk,1,3
froslass,snow-cloak,0,1
froslass,cursed-body,1,3
rotom,levitate,0,1
uxie,levitate,0,1
mesprit,levitate,0,1
azelf,levitate,0,1
dialga,pressure,0,1
dialga,telepathy,1,3
palkia,pressure,0,1
palkia,telepathy,1,3
heatran,flash-fire,0,1
heatran,flame-body,1,3
regigigas,slow-start,0,1
giratina-altered,pressure,0,1
giratina-altered,telepathy,1,3
cresselia,levitate,0,1
phione,hydration,0,1
manaphy,hydration,0,1
darkrai,bad-dreams,0,1
shaymin-land,natural-cure,0,1
arceus,multitype,0,1
victini,victory-star,0,1
snivy,overgrow,0,1
snivy,contrary,1,3
servine,overgrow,0,1
servine,contrary,1,3
serperior,overgrow,0,1
serperior,contrary,1,3
tepig,blaze,0,1
tepig,thick-fat,1,3
pignite,blaze,0,1
pignite,thick-fat,1,3
emboar,blaze,0,1
emboar,reckless,1,3
oshawott,torrent,0,1
oshawott,shell-armor,1,3
dewott,torrent,0,1
dewott,shell-armor,1,3
samurott,torrent,0,1
samurott,shell-armor,1,3
patrat,run-away,0,1
patrat,keen-eye,0,2
patrat,analytic,1,3
watchog,illuminate,0,1
watchog,keen-eye,0,2
watchog,analytic,1,3
lillipup,vital-spirit,0,1
lillipup,pickup,0,2
lillipup,run-away,1,3
herdier,intimidate,0,1
herdier,sand-rush,0,2
herdier,scrappy,1,3
stoutland,intimidate,0,1
stoutland,sand-rush,0,2
stoutland,scrappy,1,3
purrloin,limber,0,1
purrloin,unburden,0,2
purrloin,prankster,1,3
liepard,limber,0,1
liepard,unburden,0,2
liepard,prankster,1,3
pansage,gluttony,0,1
pansage,overgrow,1,3
simisage,gluttony,0,1
simisage,overgrow,1,3
pansear,gluttony,0,1
pansear,blaze,1,3
simisear,gluttony,0,1
simisear,blaze,1,3
panpour,gluttony,0,1
panpour,torrent,1,3
simipour,gluttony,0,1
simipour,torrent,1,3
munna,forewarn,0,1
munna,synchronize,0,2
munna,telepathy,1,3
musharna,forewarn,0,1
musharna,synchronize,0,2
musharna,telepathy,1,3
pidove,big-pecks,0,1
pidove,super-luck,0,2
pidove,rivalry,1,3
tranquill,big-pecks,0,1
tranquill,super-luck,0,2
tranquill,rivalry,1,3
unfezant,big-pecks,0,1
unfezant,super-luck,0,2
unfezant,rivalry,1,3
blitzle,lightning-rod,0,1
blitzle,motor-drive,0,2
blitzle,sap-sipper,1,3
zebstrika,lightning-rod,0,1
zebstrika,motor-drive,0,2
zebstrika,sap-sipper,1,3
roggenrola,sturdy,0,1
roggenrola,sand-force,1,3
boldore,sturdy,0,1
boldore,sand-force,1,3
gigalith,sturdy,0,1
gigalith,sand-force,1,3
woobat,unaware,0,1
woobat,klutz,0,2
woobat,simple,1,3
swoobat,unaware,0,1
swoobat,klutz,0,2
swoobat,simple,1,3
drilbur,sand-rush,0,1
drilbur,sand-force,0,2
drilbur,mold-breaker,1,3
excadrill,sand-rush,0,1
excadrill,sand-force,0,2
excadrill,mold-breaker,1,3
audino,healer,0,1
audino,regenerator,0,2
audino,klutz,1,3
timburr,guts,0,1
timburr,sheer-force,0,2
timburr,iron-fist,1,3
gurdurr,guts,0,1
gurdurr,sheer-force,0,2
gurdurr,iron-fist,1,3
conkeldurr,guts,0,1
conkeldurr,sheer-force,0,2
conkeldurr,iron-fist,1,3
tympole,swift-swim,0,1
tympole,hydration,0,2
tympole,water-absorb,1,3
palpitoad,swift-swim,0,1
palpitoad,hydration,0,2
palpitoad,water-absorb,1,3
seismitoad,swift-swim,0,1
seismitoad,poison-touch,0,2
seismitoad,water-absorb,1,3
throh,guts,0,1
throh,inner-focus,0,2
throh,mold-breaker,1,3
sawk,sturdy,0,1
sawk,inner-focus,0,2
sawk,mold-breaker,1,3
sewaddle,swarm,0,1
sewaddle,chlorophyll,0,2
sewaddle,overcoat,1,3
swadloon,leaf-guard,0,1
swadloon,chlorophyll,0,2
swadloon,overcoat,1,3
leavanny,swarm,0,1
leavanny,chlorophyll,0,2
leavanny,overcoat,1,3
venipede,poison-point,0,1
venipede,swarm,0,2
venipede,speed-boost,1,3
whirlipede,poison-point,0,1
whirlipede,swarm,0,2
whirlipede,speed-boost,1,3
scolipede,poison-point,0,1
scolipede,swarm,0,2
scolipede,speed-boost,1,3
cottonee,prankster,0,1
cottonee,infiltrator,0,2
cottonee,chlorophyll,1,3
whimsicott,prankster,0,1
whimsicott,infiltrator,0,2
whimsicott,chlorophyll,1,3
petilil,chlorophyll,0,1
petilil,own-tempo,0,2
petilil,leaf-guard,1,3
lilligant,chlorophyll,0,1
lilligant,own-tempo,0,2
lilligant,leaf-guard,1,3
basculin-red-striped,reckless,0,1
basculin-red-striped,adaptability,0,2
basculin-red-striped,mold-breaker,1,3
sandile,intimidate,0,1
sandile,moxie,0,2
sandile,anger-point,1,3
krokorok,intimidate,0,1
krokorok,moxie,0,2
krokorok,anger-point,1,3
krookodile,intimidate,0,1
krookodile,moxie,0,2
krookodile,anger-point,1,3
darumaka,hustle,0,1
darumaka,inner-focus,1,3
darmanitan-standard,sheer-force,0,1
darmanitan-standard,zen-mode,1,3
maractus,water-absorb,0,1
maractus,chlorophyll,0,2
maractus,storm-drain,1,3
dwebble,sturdy,0,1
dwebble,shell-armor,0,2
dwebble,weak-armor,1,3
crustle,sturdy,0,1
crustle,shell-armor,0,2
crustle,weak-armor,1,3
scraggy,shed-skin,0,1
scraggy,moxie,0,2
scraggy,intimidate,1,3
scrafty,shed-skin,0,1
scrafty,moxie,0,2
scrafty,intimidate,1,3
sigilyph,wonder-skin,0,1
sigilyph,magic-guard,0,2
sigilyph,tinted-lens,1,3
yamask,mummy,0,1
cofagrigus,mummy,0,1
tirtouga,solid-rock,0,1
tirtouga,sturdy,0,2
tirtouga,swift-swim,1,3
carracosta,solid-rock,0,1
carracosta,sturdy,0,2
carracosta,swift-swim,1,3
archen,defeatist,0,1
archeops,defeatist,0,1
trubbish,stench,0,1
trubbish,sticky-hold,0,2
trubbish,aftermath,1,3
garbodor,stench,0,1
garbodor,weak-armor,0,2
garbodor,aftermath,1,3
zorua,illusion,0,1
zoroark,illusion,0,1
minccino,cute-charm,0,1
minccino,technician,0,2
minccino,skill-link,1,3
cinccino,cute-charm,0,1
cinccino,technician,0,2
cinccino,skill-link,1,3
gothita,frisk,0,1
gothita,competitive,0,2
gothita,shadow-tag,1,3
gothorita,frisk,0,1
gothorita,competitive,0,2
gothorita,shadow-tag,1,3
gothitelle,frisk,0,1
gothitelle,competitive,0,2
gothitelle,shadow-tag,1,3
solosis,overcoat,0,1
solosis,magic-guard,0,2
solosis,regenerator,1,3
duosion,overcoat,0,1
duosion,magic-guard,0,2
duosion,regenerator,1,3
reuniclus,overcoat,0,1
reuniclus,magic-guard,0,2
reuniclus,regenerator,1,3
ducklett,keen-eye,0,1
ducklett,big-pecks,0,2
ducklett,hydration,1,3
swanna,keen-eye,0,1
swanna,big-pecks,0,2
swanna,hydration,1,3
vanillite,ice-body,0,1
vanillite,weak-armor,1,3
vanillish,ice-body,0,1
vanillish,weak-armor,1,3
vanilluxe,ice-body,0,1
vanilluxe,weak-armor,1,3
deerling,chlorophyll,0,1
deerling,sap-sipper,0,2
deerling,serene-grace,1,3
sawsbuck,chlorophyll,0,1
sawsbuck,sap-sipper,0,2
sawsbuck,serene-grace,1,3
emolga,static,0,1
emolga,motor-drive,1,3
karrablast,swarm,0,1
karrablast,shed-skin,0,2
karrablast,no-guard,1,3
escavalier,swarm,0,1
escavalier,shell-armor,0,2
escavalier,overcoat,1,3
foongus,effect-spore,0,1
foongus,regenerator,1,3
amoonguss,effect-spore,0,1
amoonguss,regenerator,1,3
frillish,water-absorb,0,1
frillish,cursed-body,0,2
frillish,damp,1,3
jellicent,water-absorb,0,1
jellicent,cursed-body,0,2
jellicent,damp,1,3
alomomola,healer,0,1
alomomola,hydration,0,2
alomomola,regenerator,1,3
joltik,compound-eyes,0,1
joltik,unnerve,0,2
joltik,swarm,1,3
galvantula,compound-eyes,0,1
galvantula,unnerve,0,2
galvantula,swarm,1,3
ferroseed,iron-barbs,0,1
ferrothorn,iron-barbs,0,1
ferrothorn,anticipation,1,3
klink,plus,0,1
klink,minus,0,2
klink,clear-body,1,3
klang,plus,0,1
klang,minus,0,2
klang,clear-body,1,3
klinklang,plus,0,1
klinklang,minus,0,2
klinklang,clear-body,1,3
tynamo,levitate,0,1
eelektrik,levitate,0,1
eelektross,levitate,0,1
elgyem,telepathy,0,1
elgyem,synchronize,0,2
elgyem,analytic,1,3
beheeyem,telepathy,0,1
beheeyem,synchronize,0,2
beheeyem,analytic,1,3
litwick,flash-fire,0,1
litwick,flame-body,0,2
litwick,infiltrator,1,3
lampent,flash-fire,0,1
lampent,flame-body,0,2
lampent,infiltrator,1,3
chandelure,flash-fire,0,1
chandelure,flame-body,0,2
chandelure,infiltrator,1,3
axew,rivalry,0,1
axew,mold-breaker,0,2
axew,unnerve,1,3
fraxure,rivalry,0,1
fraxure,mold-breaker,0,2
fraxure,unnerve,1,3
haxorus,rivalry,0,1
haxorus,mold-breaker,0,2
haxorus,unnerve,1,3
cubchoo,snow-cloak,0,1
cubchoo,rattled,1,3
beartic,snow-cloak,0,1
beartic,swift-swim,1,3
cryogonal,levitate,0,1
shelmet,hydration,0,1
shelmet,shell-armor,0,2
shelmet,overcoat,1,3
accelgor,hydration,0,1
accelgor,sticky-hold,0,2
accelgor,unburden,1,3
stunfisk,static,0,1
stunfisk,limber,0,2
stunfisk,sand-veil,1,3
mienfoo,inner-focus,0,1
mienfoo,regenerator,0,2
mienfoo,reckless,1,3
mienshao,inner-focus,0,1
mienshao,regenerator,0,2
mienshao,reckless,1,3
druddigon,rough-skin,0,1
druddigon,sheer-force,0,2
druddigon,mold-breaker,1,3
golett,iron-fist,0,1
golett,klutz,0,2
golett,no-guard,1,3
golurk,iron-fist,0,1
golurk,klutz,0,2
golurk,no-guard,1,3
pawniard,defiant,0,1
pawniard,inner-focus,0,2
pawniard,pressure,1,3
bisharp,defiant,0,1
bisharp,inner-focus,0,2
bisharp,pressure,1,3
bouffalant,reckless,0,1
bouffalant,sap-sipper,0,2
bouffalant,soundproof,1,3
rufflet,keen-eye,0,1
rufflet,sheer-force,0,2
rufflet,hustle,1,3
braviary,keen-eye,0,1
braviary,sheer-force,0,2
braviary,defiant,1,3
vullaby,big-pecks,0,1
vullaby,overcoat,0,2
vullaby,weak-armor,1,3
mandibuzz,big-pecks,0,1
mandibuzz,overcoat,0,2
mandibuzz,weak-armor,1,3
heatmor,gluttony,0,1
heatmor,flash-fire,0,2
heatmor,white-smoke,1,3
durant,swarm,0,1
durant,hustle,0,2
durant,truant,1,3
deino,hustle,0,1
zweilous,hustle,0,1
hydreigon,levitate,0,1
larvesta,flame-body,0,1
larvesta,swarm,1,3
volcarona,flame-body,0,1
volcarona,swarm,1,3
cobalion,justified,0,1
terrakion,justified,0,1
virizion,justified,0,1
tornadus-incarnate,prankster,0,1
tornadus-incarnate,defiant,1,3
thundurus-incarnate,prankster,0,1
thundurus-incarnate,defiant,1,3
reshiram,turboblaze,0,1
zekrom,teravolt,0,1
landorus-incarnate,sand-force,0,1
landorus-incarnate,sheer-force,1,3
kyurem,pressure,0,1
keldeo-ordinary,justified,0,1
meloetta-aria,serene-grace,0,1
genesect,download,0,1
chespin,overgrow,0,1
chespin,bulletproof,1,3
quilladin,overgrow,0,1
quilladin,bulletproof,1,3
chesnaught,overgrow,0,1
chesnaught,bulletproof,1,3
fennekin,blaze,0,1
fennekin,magician,1,3
braixen,blaze,0,1
braixen,magician,1,3
delphox,blaze,0,1
delphox,magician,1,3
froakie,torrent,0,1
froakie,protean,1,3
frogadier,torrent,0,1
frogadier,protean,1,3
greninja,torrent,0,1
greninja,protean,1,3
bunnelby,pickup,0,1
bunnelby,cheek-pouch,0,2
bunnelby,huge-power,1,3
diggersby,pickup,0,1
diggersby,cheek-pouch,0,2
diggersby,huge-power,1,3
fletchling,big-pecks,0,1
fletchling,gale-wings,1,3
fletchinder,flame-body,0,1
fletchinder,gale-wings,1,3
talonflame,flame-body,0,1
talonflame,gale-wings,1,3
scatterbug,shield-dust,0,1
scatterbug,compound-eyes,0,2
scatterbug,friend-guard,1,3
spewpa,shed-skin,0,1
spewpa,friend-guard,1,3
vivillon,shield-dust,0,1
vivillon,compound-eyes,0,2
vivillon,friend-guard,1,3
litleo,rivalry,0,1
litleo,unnerve,0,2
litleo,moxie,1,3
pyroar,rivalry,0,1
pyroar,unnerve,0,2
pyroar,moxie,1,3
flabebe,flower-veil,0,1
flabebe,symbiosis,1,3
floette,flower-veil,0,1
floette,symbiosis,1,3
florges,flower-veil,0,1
florges,symbiosis,1,3
skiddo,sap-sipper,0,1
skiddo,grass-pelt,1,3
gogoat,sap-sipper,0,1
gogoat,grass-pelt,1,3
pancham,iron-fist,0,1
pancham,mold-breaker,0,2
pancham,scrappy,1,3
pangoro,iron-fist,0,1
pangoro,mold-breaker,0,2
pangoro,scrappy,1,3
furfrou,fur-coat,0,1
espurr,keen-eye,0,1
espurr,infiltrator,0,2
espurr,own-tempo,1,3
meowstic-male,keen-eye,0,1
meowstic-male,infiltrator,0,2
meowstic-male,prankster,1,3
honedge,no-guard,0,1
doublade,no-guard,0,1
aegislash-shield,stance-change,0,1
spritzee,healer,0,1
spritzee,aroma-veil,1,3
aromatisse,healer,0,1
aromatisse,aroma-veil,1,3
swirlix,sweet-veil,0,1
swirlix,unburden,1,3
slurpuff,sweet-veil,0,1
slurpuff,unburden,1,3
inkay,contrary,0,1
inkay,suction-cups,0,2
inkay,infiltrator,1,3
malamar,contrary,0,1
malamar,suction-cups,0,2
malamar,infiltrator,1,3
binacle,tough-claws,0,1
binacle,sniper,0,2
binacle,pickpocket,1,3
barbaracle,tough-claws,0,1
barbaracle,sniper,0,2
barbaracle,pickpocket,1,3
skrelp,poison-point,0,1
skrelp,poison-touch,0,2
skrelp,adaptability,1,3
dragalge,poison-point,0,1
dragalge,poison-touch,0,2
dragalge,adaptability,1,3
clauncher,mega-launcher,0,1
clawitzer,mega-launcher,0,1
helioptile,dry-skin,0,1
helioptile,sand-veil,0,2
helioptile,solar-power,1,3
heliolisk,dry-skin,0,1
heliolisk,sand-veil,0,2
heliolisk,solar-power,1,3
tyrunt,strong-jaw,0,1
tyrunt,sturdy,1,3
tyrantrum,strong-jaw,0,1
tyrantrum,rock-head,1,3
amaura,refrigerate,0,1
amaura,snow-warning,1,3
aurorus,refrigerate,0,1
aurorus,snow-warning,1,3
sylveon,cute-charm,0,1
sylveon,pixilate,1,3
hawlucha,limber,0,1
hawlucha,unburden,0,2
hawlucha,mold-breaker,1,3
dedenne,cheek-pouch,0,1
dedenne,pickup,0,2
dedenne,plus,1,3
carbink,clear-body,0,1
carbink,sturdy,1,3
goomy,sap-sipper,0,1
goomy,hydration,0,2
goomy,gooey,1,3
sliggoo,sap-sipper,0,1
sliggoo,hydration,0,2
sliggoo,gooey,1,3
goodra,sap-sipper,0,1
goodra,hydration,0,2
goodra,gooey,1,3
klefki,prankster,0,1
klefki,magician,1,3
phantump,natural-cure,0,1
phantump,frisk,0,2
phantump,harvest,1,3
trevenant,natural-cure,0,1
trevenant,frisk,0,2
trevenant,harvest,1,3
pumpkaboo-average,pickup,0,1
pumpkaboo-average,frisk,0,2
pumpkaboo-average,insomnia,1,3
gourgeist-average,pickup,0,1
gourgeist-average,frisk,0,2
gourgeist-average,insomnia,1,3
bergmite,own-tempo,0,1
bergmite,ice-body,0,2
bergmite,sturdy,1,3
avalugg,own-tempo,0,1
avalugg,ice-body,0,2
avalugg,sturdy,1,3
noibat,frisk,0,1
noibat,infiltrator,0,2
noibat,telepathy,1,3
noivern,frisk,0,1
noivern,infiltrator,0,2
noivern,telepathy,1,3
xerneas,fairy-aura,0,1
yveltal,dark-aura,0,1
zygarde,aura-break,0,1
diancie,clear-body,0,1
hoopa,magician,0,1
volcanion,water-absorb,0,1
deoxys-attack,pressure,0,1
deoxys-defense,pressure,0,1
deoxys-speed,pressure,0,1
wormadam-sandy,anticipation,0,1
wormadam-sandy,overcoat,1,3
wormadam-trash,anticipation,0,1
wormadam-trash,overcoat,1,3
shaymin-sky,serene-grace,0,1
giratina-origin,levitate,0,1
rotom-heat,levitate,0,1
rotom-wash,levitate,0,1
rotom-frost,levitate,0,1
rotom-fan,levitate,0,1
rotom-mow,levitate,0,1
castform-sunny,forecast,0,1
castform-rainy,forecast,0,1
castform-snowy,forecast,0,1
basculin-blue-striped,rock-head,0,1
basculin-blue-striped,adaptability,0,2
basculin-blue-striped,mold-breaker,1,3
darmanitan-zen,sheer-force,0,1
darmanitan-zen,zen-mode,1,3
meloetta-pirouette,serene-grace,0,1
tornadus-therian,regenerator,0,1
thundurus-therian,volt-absorb,0,1
landorus-therian,intimidate,0,1
kyurem-black,teravolt,0,1
kyurem-white,turboblaze,0,1
keldeo-resolute,justified,0,1
meowstic-female,keen-eye,0,1
meowstic-female,infiltrator,0,2
meowstic-female,competitive,1,3
aegislash-blade,stance-change,0,1
pumpkaboo-small,pickup,0,1
pumpkaboo-small,frisk,0,2
pumpkaboo-small,insomnia,1,3
pumpkaboo-large,pickup,0,1
pumpkaboo-large,frisk,0,2
pumpkaboo-large,insomnia,1,3
pumpkaboo-super,pickup,0,1
pumpkaboo-super,frisk,0,2
pumpkaboo-super,insomnia,1,3
gourgeist-small,pickup,0,1
gourgeist-small,frisk,0,2
gourgeist-small,insomnia,1,3
gourgeist-large,pickup,0,1
gourgeist-large,frisk,0,2
gourgeist-large,insomnia,1,3
gourgeist-super,pickup,0,1
gourgeist-super,frisk,0,2
gourgeist-super,insomnia,1,3
venusaur-mega,thick-fat,0,1
charizard-mega-x,tough-claws,0,1
charizard-mega-y,drought,0,1
blastoise-mega,mega-launcher,0,1
alakazam-mega,trace,0,1
gengar-mega,shadow-tag,0,1
kangaskhan-mega,parental-bond,0,1
pinsir-mega,aerilate,0,1
gyarados-mega,mold-breaker,0,1
aerodactyl-mega,tough-claws,0,1
mewtwo-mega-x,steadfast,0,1
mewtwo-mega-y,insomnia,0,1
ampharos-mega,mold-breaker,0,1
scizor-mega,technician,0,1
heracross-mega,skill-link,0,1
houndoom-mega,solar-power,0,1
tyranitar-mega,sand-stream,0,1
blaziken-mega,speed-boost,0,1
gardevoir-mega,pixilate,0,1
mawile-mega,huge-power,0,1
aggron-mega,filter,0,1
medicham-mega,pure-power,0,1
manectric-mega,intimidate,0,1
banette-mega,prankster,0,1
absol-mega,magic-bounce,0,1
garchomp-mega,sand-force,0,1
lucario-mega,adaptability,0,1
abomasnow-mega,snow-warning,0,1
floette-eternal,flower-veil,0,1
floette-eternal,symbiosis,1,3
latias-mega,levitate,0,1
latios-mega,levitate,0,1
swampert-mega,swift-swim,0,1
sceptile-mega,lightning-rod,0,1
sableye-mega,magic-bounce,0,1
altaria-mega,pixilate,0,1
gallade-mega,inner-focus,0,1
audino-mega,healer,0,1
sharpedo-mega,strong-jaw,0,1
slowbro-mega,shell-armor,0,1
steelix-mega,sand-force,0,1
pidgeot-mega,no-guard,0,1
glalie-mega,refrigerate,0,1
diancie-mega,magic-bounce,0,1
metagross-mega,tough-claws,0,1
kyogre-primal,primordial-sea,0,1
groudon-primal,desolate-land,0,1
rayquaza-mega,delta-stream,0,1
pikachu-rock-star,static,0,1
pikachu-rock-star,lightning-rod,1,3
pikachu-belle,static,0,1
pikachu-belle,lightning-rod,1,3
pikachu-pop-star,static,0,1
pikachu-pop-star,lightning-rod,1,3
pikachu-phd,static,0,1
pikachu-phd,lightning-rod,1,3
pikachu-libre,static,0,1
pikachu-libre,lightning-rod,1,3
pikachu-cosplay,static,0,1
pikachu-cosplay,lightning-rod,1,3
hoopa-unbound,magician,0,1
camerupt-mega,sheer-force,0,1
lopunny-mega,scrappy,0,1
salamence-mega,aerilate,0,1
beedrill-mega,adaptability,0,1