Number,Name,Health,Attack,Defense,Sp. Attack,Sp. Defense,Speed,Total,Average,Type1,Type2,Gen,Mega,Image
1,Bulbasaur,45,49,49,65,65,45,318,53,Grass,Poison,1,No,http://img.pokemondb.net/artwork/bulbasaur.jpg
2,Ivysaur,60,62,63,80,80,60,405,67.5,Grass,Poison,1,No,http://img.pokemondb.net/artwork/ivysaur.jpg
3,Venusaur,80,82,83,100,100,80,525,87.5,Grass,Poison,1,No,http://img.pokemondb.net/artwork/venusaur.jpg
003M,Venusaur (Mega Venusaur),80,100,123,122,120,80,625,104.17,Grass,none,1,Yes,http://img.pokemondb.net/artwork/venusaur-mega.jpg
4,Charmander,39,52,43,60,50,65,309,51.5,Fire,none,1,No,http://img.pokemondb.net/artwork/charmander.jpg
5,Charmeleon,58,64,58,80,65,80,405,67.5,Fire,none,1,No,http://img.pokemondb.net/artwork/charmeleon.jpg
6,Charizard,78,84,78,109,85,100,534,89,Fire,Flying,1,No,http://img.pokemondb.net/artwork/charizard.jpg
006MX,Charizard (Mega Charizard X),78,130,111,130,85,100,634,105.67,Fire,Flying,1,Yes,http://img.pokemondb.net/artwork/charizard-mega-x.jpg
006MY,Charizard (Mega Charizard Y),78,104,78,159,115,100,634,105.67,Fire,Flying,1,Yes,http://img.pokemondb.net/artwork/charizard-mega-y.jpg
7,Squirtle,44,48,65,50,64,43,314,52.33,Water,none,1,No,http://img.pokemondb.net/artwork/squirtle.jpg
8,Wartortle,59,63,80,65,80,58,405,67.5,Water,none,1,No,http://img.pokemondb.net/artwork/wartortle.jpg
9,Blastoise,79,83,100,85,105,78,530,88.33,Water,none,1,No,http://img.pokemondb.net/artwork/blastoise.jpg
009M,Blastoise (Mega Blastoise),79,103,120,135,115,78,630,105,Water,none,1,Yes,http://img.pokemondb.net/artwork/blastoise-mega.jpg
10,Caterpie,45,30,35,20,20,45,195,32.5,Bug,none,1,No,http://img.pokemondb.net/artwork/caterpie.jpg
11,Metapod,50,20,55,25,25,30,205,34.17,Bug,none,1,No,http://img.pokemondb.net/artwork/metapod.jpg
12,Butterfree,60,45,50,90,80,70,395,65.83,Bug,Flying,1,No,http://img.pokemondb.net/artwork/butterfree.jpg
13,Weedle,40,35,30,20,20,50,195,32.5,Bug,Poison,1,No,http://img.pokemondb.net/artwork/weedle.jpg
14,Kakuna,45,25,50,25,25,35,205,34.17,Bug,Poison,1,No,http://img.pokemondb.net/artwork/kakuna.jpg
15,Beedrill,65,90,40,45,80,75,395,65.83,Bug,Poison,1,No,http://img.pokemondb.net/artwork/beedrill.jpg
015M,Beedrill (Mega Beedrill),65,150,40,15,80,145,495,82.5,Bug,Poison,1,Yes,http://img.pokemondb.net/artwork/beedrill-mega.jpg
16,Pidgey,40,45,40,35,35,56,251,41.83,Normal,Flying,1,No,http://img.pokemondb.net/artwork/pidgey.jpg
17,Pidgeotto,63,60,55,50,50,71,349,58.17,Normal,Flying,1,No,http://img.pokemondb.net/artwork/pidgeotto.jpg
18,Pidgeot,83,80,75,70,70,101,479,79.83,Normal,Flying,1,No,http://img.pokemondb.net/artwork/pidgeot.jpg
018M,Pidgeot (Mega Pidgeot),83,80,80,135,80,121,579,96.5,Normal,Flying,1,Yes,http://img.pokemondb.net/artwork/weedle.jpg
19,Rattata,30,56,35,25,35,72,253,42.17,Normal,none,1,No,http://img.pokemondb.net/artwork/rattata.jpg
20,Raticate,55,81,60,50,70,97,413,68.83,Normal,none,1,No,http://img.pokemondb.net/artwork/raticate.jpg
21,Spearow,40,60,30,31,31,70,262,43.67,Normal,Flying,1,No,http://img.pokemondb.net/artwork/spearow.jpg
22,Fearow,65,90,65,61,61,100,442,73.67,Normal,Flying,1,No,http://img.pokemondb.net/artwork/fearow.jpg
23,Ekans,35,60,44,40,54,55,288,48,Poison,none,1,No,http://img.pokemondb.net/artwork/ekans.jpg
24,Arbok,60,85,69,65,79,80,438,73,Poison,none,1,No,http://img.pokemondb.net/artwork/arbok.jpg
25,Pikachu,35,55,40,50,50,90,320,53.33,Electric,none,1,No,http://img.pokemondb.net/artwork/pikachu.jpg
26,Raichu,60,90,55,90,80,110,485,80.83,Electric,none,1,No,http://img.pokemondb.net/artwork/raichu.jpg
27,Sandshrew,50,75,85,20,30,40,300,50,Ground,none,1,No,http://img.pokemondb.net/artwork/sandshrew.jpg
28,Sandslash,75,100,110,45,55,65,450,75,Ground,none,1,No,http://img.pokemondb.net/artwork/sandslash.jpg
29,Nidoran?,55,47,52,40,40,41,275,45.83,Poison,none,1,No,http://img.pokemondb.net/artwork/nidoran-f.jpg
30,Nidorina,70,62,67,55,55,56,365,60.83,Poison,none,1,No,http://img.pokemondb.net/artwork/nidorina.jpg
31,Nidoqueen,90,92,87,75,85,76,505,84.17,Poison,Ground,1,No,http://img.pokemondb.net/artwork/nidoqueen.jpg
32,Nidoran?,46,57,40,40,40,50,273,45.5,Poison,none,1,No,http://img.pokemondb.net/artwork/nidoran-m.jpg
33,Nidorino,61,72,57,55,55,65,365,60.83,Poison,none,1,No,http://img.pokemondb.net/artwork/nidorino.jpg
34,Nidoking,81,102,77,85,75,85,505,84.17,Poison,Ground,1,No,http://img.pokemondb.net/artwork/nidoking.jpg
35,Clefairy,70,45,48,60,65,35,323,53.83,Fairy,none,1,No,http://img.pokemondb.net/artwork/clefairy.jpg
36,Clefable,95,70,73,95,90,60,483,80.5,Fairy,none,1,No,http://img.pokemondb.net/artwork/clefable.jpg
37,Vulpix,38,41,40,50,65,65,299,49.83,Fire,none,1,No,http://img.pokemondb.net/artwork/vulpix.jpg
38,Ninetales,73,76,75,81,100,100,505,84.17,Fire,none,1,No,http://img.pokemondb.net/artwork/ninetales.jpg
39,Jigglypuff,115,45,20,45,25,20,270,45,Normal,Fairy,1,No,http://img.pokemondb.net/artwork/jigglypuff.jpg
40,Wigglytuff,140,70,45,85,50,45,435,72.5,Normal,Fairy,1,No,http://img.pokemondb.net/artwork/wigglytuff.jpg
41,Zubat,40,45,35,30,40,55,245,40.83,Poison,Flying,1,No,http://img.pokemondb.net/artwork/zubat.jpg
42,Golbat,75,80,70,65,75,90,455,75.83,Poison,Flying,1,No,http://img.pokemondb.net/artwork/golbat.jpg
43,Oddish,45,50,55,75,65,30,320,53.33,Grass,Poison,1,No,http://img.pokemondb.net/artwork/oddish.jpg
44,Gloom,60,65,70,85,75,40,395,65.83,Grass,Poison,1,No,http://img.pokemondb.net/artwork/gloom.jpg
45,Vileplume,75,80,85,110,90,50,490,81.67,Grass,Poison,1,No,http://img.pokemondb.net/artwork/vileplume.jpg
46,Paras,35,70,55,45,55,25,285,47.5,Bug,Grass,1,No,http://img.pokemondb.net/artwork/paras.jpg
47,Parasect,60,95,80,60,80,30,405,67.5,Bug,Grass,1,No,http://img.pokemondb.net/artwork/parasect.jpg
48,Venonat,60,55,50,40,55,45,305,50.83,Bug,Poison,1,No,http://img.pokemondb.net/artwork/venonat.jpg
49,Venomoth,70,65,60,90,75,90,450,75,Bug,Poison,1,No,http://img.pokemondb.net/artwork/venomoth.jpg
50,Diglett,10,55,25,35,45,95,265,44.17,Ground,none,1,No,http://img.pokemondb.net/artwork/diglett.jpg
51,Dugtrio,35,80,50,50,70,120,405,67.5,Ground,none,1,No,http://img.pokemondb.net/artwork/dugtrio.jpg
52,Meowth,40,45,35,40,40,90,290,48.33,Normal,none,1,No,http://img.pokemondb.net/artwork/meowth.jpg
53,Persian,65,70,60,65,65,115,440,73.33,Normal,none,1,No,http://img.pokemondb.net/artwork/persian.jpg
54,Psyduck,50,52,48,65,50,55,320,53.33,Water,none,1,No,http://img.pokemondb.net/artwork/psyduck.jpg
55,Golduck,80,82,78,95,80,85,500,83.33,Water,none,1,No,http://img.pokemondb.net/artwork/golduck.jpg
56,Mankey,40,80,35,35,45,70,305,50.83,Fighting,none,1,No,http://img.pokemondb.net/artwork/mankey.jpg
57,Primeape,65,105,60,60,70,95,455,75.83,Fighting,none,1,No,http://img.pokemondb.net/artwork/primeape.jpg
58,Growlithe,55,70,45,70,50,60,350,58.33,Fire,none,1,No,http://img.pokemondb.net/artwork/growlithe.jpg
59,Arcanine,90,110,80,100,80,95,555,92.5,Fire,none,1,No,http://img.pokemondb.net/artwork/arcanine.jpg
60,Poliwag,40,50,40,40,40,90,300,50,Water,none,1,No,http://img.pokemondb.net/artwork/poliwag.jpg
61,Poliwhirl,65,65,65,50,50,90,385,64.17,Water,none,1,No,http://img.pokemondb.net/artwork/poliwhirl.jpg
62,Poliwrath,90,95,95,70,90,70,510,85,Water,Fighting,1,No,http://img.pokemondb.net/artwork/poliwrath.jpg
63,Abra,25,20,15,105,55,90,310,51.67,Psychic,none,1,No,http://img.pokemondb.net/artwork/abra.jpg
64,Kadabra,40,35,30,120,70,105,400,66.67,Psychic,none,1,No,http://img.pokemondb.net/artwork/kadabra.jpg
65,Alakazam,55,50,45,135,95,120,500,83.33,Psychic,none,1,No,http://img.pokemondb.net/artwork/alakazam.jpg
065M,Alakazam (Mega Alakazam),55,50,65,175,95,150,590,98.33,Psychic,none,1,Yes,http://img.pokemondb.net/artwork/alakazam-mega.jpg
66,Machop,70,80,50,35,35,35,305,50.83,Fighting,none,1,No,http://img.pokemondb.net/artwork/machop.jpg
67,Machoke,80,100,70,50,60,45,405,67.5,Fighting,none,1,No,http://img.pokemondb.net/artwork/machoke.jpg
68,Machamp,90,130,80,65,85,55,505,84.17,Fighting,none,1,No,http://img.pokemondb.net/artwork/machamp.jpg
69,Bellsprout,50,75,35,70,30,40,300,50,Grass,Poison,1,No,http://img.pokemondb.net/artwork/bellsprout.jpg
70,Weepinbell,65,90,50,85,45,55,390,65,Grass,Poison,1,No,http://img.pokemondb.net/artwork/weepinbell.jpg
71,Victreebel,80,105,65,100,70,70,490,81.67,Grass,Poison,1,No,http://img.pokemondb.net/artwork/victreebel.jpg
72,Tentacool,40,40,35,50,100,70,335,55.83,Water,Poison,1,No,http://img.pokemondb.net/artwork/tentacool.jpg
73,Tentacruel,80,70,65,80,120,100,515,85.83,Water,Poison,1,No,http://img.pokemondb.net/artwork/tentacruel.jpg
74,Geodude,40,80,100,30,30,20,300,50,Rock,Ground,1,No,http://img.pokemondb.net/artwork/geodude.jpg
75,Graveler,55,95,115,45,45,35,390,65,Rock,Ground,1,No,http://img.pokemondb.net/artwork/graveler.jpg
76,Golem,80,120,130,55,65,45,495,82.5,Rock,Ground,1,No,http://img.pokemondb.net/artwork/golem.jpg
77,Ponyta,50,85,55,65,65,90,410,68.33,Fire,none,1,No,http://img.pokemondb.net/artwork/ponyta.jpg
78,Rapidash,65,100,70,80,80,105,500,83.33,Fire,none,1,No,http://img.pokemondb.net/artwork/rapidash.jpg
79,Slowpoke,90,65,65,40,40,15,315,52.5,Water,Psychic,1,No,http://img.pokemondb.net/artwork/slowpoke.jpg
80,Slowbro,95,75,110,100,80,30,490,81.67,Water,Psychic,1,No,http://img.pokemondb.net/artwork/slowbro.jpg
080M,Slowbro (Mega Slowbro),95,75,180,130,80,30,590,98.33,Water,Psychic,1,Yes,http://img.pokemondb.net/artwork/slowbro-mega.jpg
81,Magnemite,25,35,70,95,55,45,325,54.17,Electric,Steel,1,No,http://img.pokemondb.net/artwork/magnemite.jpg
82,Magneton,50,60,95,120,70,70,465,77.5,Electric,Steel,1,No,http://img.pokemondb.net/artwork/magneton.jpg
83,Farfetch'd,52,65,55,58,62,60,352,58.67,Normal,Flying,1,No,http://img.pokemondb.net/artwork/farfetchd.jpg
84,Doduo,35,85,45,35,35,75,310,51.67,Normal,Flying,1,No,http://img.pokemondb.net/artwork/doduo.jpg
85,Dodrio,60,110,70,60,60,100,460,76.67,Normal,Flying,1,No,http://img.pokemondb.net/artwork/dodrio.jpg
86,Seel,65,45,55,45,70,45,325,54.17,Water,none,1,No,http://img.pokemondb.net/artwork/seel.jpg
87,Dewgong,90,70,80,70,95,70,475,79.17,Water,Ice,1,No,http://img.pokemondb.net/artwork/dewgong.jpg
88,Grimer,80,80,50,40,50,25,325,54.17,Poison,none,1,No,http://img.pokemondb.net/artwork/grimer.jpg
89,Muk,105,105,75,65,100,50,500,83.33,Poison,none,1,No,http://img.pokemondb.net/artwork/muk.jpg
90,Shellder,30,65,100,45,25,40,305,50.83,Water,none,1,No,http://img.pokemondb.net/artwork/shellder.jpg
91,Cloyster,50,95,180,85,45,70,525,87.5,Water,Ice,1,No,http://img.pokemondb.net/artwork/cloyster.jpg
92,Gastly,30,35,30,100,35,80,310,51.67,Ghost,Poison,1,No,http://img.pokemondb.net/artwork/gastly.jpg
93,Haunter,45,50,45,115,55,95,405,67.5,Ghost,Poison,1,No,http://img.pokemondb.net/artwork/haunter.jpg
94,Gengar,60,65,60,130,75,110,500,83.33,Ghost,Poison,1,No,http://img.pokemondb.net/artwork/gengar.jpg
094M,Gengar (Mega Gengar),60,65,80,170,95,130,600,100,Ghost,Poison,1,Yes,http://img.pokemondb.net/artwork/gengar-mega.jpg
95,Onix,35,45,160,30,45,70,385,64.17,Rock,Ground,1,No,http://img.pokemondb.net/artwork/onix.jpg
96,Drowzee,60,48,45,43,90,42,328,54.67,Psychic,none,1,No,http://img.pokemondb.net/artwork/drowzee.jpg
97,Hypno,85,73,70,73,115,67,483,80.5,Psychic,none,1,No,http://img.pokemondb.net/artwork/hypno.jpg
98,Krabby,30,105,90,25,25,50,325,54.17,Water,none,1,No,http://img.pokemondb.net/artwork/krabby.jpg
99,Kingler,55,130,115,50,50,75,475,79.17,Water,none,1,No,http://img.pokemondb.net/artwork/kingler.jpg
100,Voltorb,40,30,50,55,55,100,330,55,Electric,none,1,No,http://img.pokemondb.net/artwork/voltorb.jpg
101,Electrode,60,50,70,80,80,140,480,80,Electric,none,1,No,http://img.pokemondb.net/artwork/electrode.jpg
102,Exeggcute,60,40,80,60,45,40,325,54.17,Grass,Psychic,1,No,http://img.pokemondb.net/artwork/exeggcute.jpg
103,Exeggutor,95,95,85,125,65,55,520,86.67,Grass,Psychic,1,No,http://img.pokemondb.net/artwork/exeggutor.jpg
104,Cubone,50,50,95,40,50,35,320,53.33,Ground,none,1,No,http://img.pokemondb.net/artwork/cubone.jpg
105,Marowak,60,80,110,50,80,45,425,70.83,Ground,none,1,No,http://img.pokemondb.net/artwork/marowak.jpg
106,Hitmonlee,50,120,53,35,110,87,455,75.83,Fighting,none,1,No,http://img.pokemondb.net/artwork/hitmonlee.jpg
107,Hitmonchan,50,105,79,35,110,76,455,75.83,Fighting,none,1,No,http://img.pokemondb.net/artwork/hitmonchan.jpg
108,Lickitung,90,55,75,60,75,30,385,64.17,Normal,none,1,No,http://img.pokemondb.net/artwork/lickitung.jpg
109,Koffing,40,65,95,60,45,35,340,56.67,Poison,none,1,No,http://img.pokemondb.net/artwork/koffing.jpg
110,Weezing,65,90,120,85,70,60,490,81.67,Poison,none,1,No,http://img.pokemondb.net/artwork/weezing.jpg
111,Rhyhorn,80,85,95,30,30,25,345,57.5,Ground,Rock,1,No,http://img.pokemondb.net/artwork/rhyhorn.jpg
112,Rhydon,105,130,120,45,45,40,485,80.83,Ground,Rock,1,No,http://img.pokemondb.net/artwork/rhydon.jpg
113,Chansey,250,5,5,35,105,50,450,75,Normal,none,1,No,http://img.pokemondb.net/artwork/chansey.jpg
114,Tangela,65,55,115,100,40,60,435,72.5,Grass,none,1,No,http://img.pokemondb.net/artwork/tangela.jpg
115,Kangaskhan,105,95,80,40,80,90,490,81.67,Normal,none,1,No,http://img.pokemondb.net/artwork/kangaskhan.jpg
115M,Kangaskhan (Mega Kangaskhan),105,125,100,60,100,100,590,98.33,Normal,none,1,Yes,http://img.pokemondb.net/artwork/kangaskhan-mega.jpg
116,Horsea,30,40,70,70,25,60,295,49.17,Water,none,1,No,http://img.pokemondb.net/artwork/horsea.jpg
117,Seadra,55,65,95,95,45,85,440,73.33,Water,none,1,No,http://img.pokemondb.net/artwork/seadra.jpg
118,Goldeen,45,67,60,35,50,63,320,53.33,Water,none,1,No,http://img.pokemondb.net/artwork/goldeen.jpg
119,Seaking,80,92,65,65,80,68,450,75,Water,none,1,No,http://img.pokemondb.net/artwork/seaking.jpg
120,Staryu,30,45,55,70,55,85,340,56.67,Water,none,1,No,http://img.pokemondb.net/artwork/staryu.jpg
121,Starmie,60,75,85,100,85,115,520,86.67,Water,Psychic,1,No,http://img.pokemondb.net/artwork/starmie.jpg
122,Mr. Mime,40,45,65,100,120,90,460,76.67,Psychic,Fairy,1,No,http://img.pokemondb.net/artwork/mr-mime.jpg
123,Scyther,70,110,80,55,80,105,500,83.33,Bug,Flying,1,No,http://img.pokemondb.net/artwork/scyther.jpg
124,Jynx,65,50,35,115,95,95,455,75.83,Ice,Psychic,1,No,http://img.pokemondb.net/artwork/jynx.jpg
125,Electabuzz,65,83,57,95,85,105,490,81.67,Electric,none,1,No,http://img.pokemondb.net/artwork/electabuzz.jpg
126,Magmar,65,95,57,100,85,93,495,82.5,Fire,none,1,No,http://img.pokemondb.net/artwork/magmar.jpg
127,Pinsir,65,125,100,55,70,85,500,83.33,Bug,none,1,No,http://img.pokemondb.net/artwork/pinsir.jpg
127M,Pinsir (Mega Pinsir),65,155,120,65,90,105,600,100,Bug,none,1,Yes,http://img.pokemondb.net/artwork/pinsir-mega.jpg
128,Tauros,75,100,95,40,70,110,490,81.67,Normal,none,1,No,http://img.pokemondb.net/artwork/tauros.jpg
129,Magikarp,20,10,55,15,20,80,200,33.33,Water,none,1,No,http://img.pokemondb.net/artwork/magikarp.jpg
130,Gyarados,95,125,79,60,100,81,540,90,Water,Flying,1,No,http://img.pokemondb.net/artwork/gyarados.jpg
130M,Gyarados (Mega Gyarados),95,155,109,70,130,81,640,106.67,Water,Flying,1,Yes,http://img.pokemondb.net/artwork/gyarados-mega.jpg
131,Lapras,130,85,80,85,95,60,535,89.17,Water,Ice,1,No,http://img.pokemondb.net/artwork/lapras.jpg
132,Ditto,48,48,48,48,48,48,288,48,Normal,none,1,No,http://img.pokemondb.net/artwork/ditto.jpg
133,Eevee,55,55,50,45,65,55,325,54.17,Normal,none,1,No,http://img.pokemondb.net/artwork/eevee.jpg
134,Vaporeon,130,65,60,110,95,65,525,87.5,Water,none,1,No,http://img.pokemondb.net/artwork/vaporeon.jpg
135,Jolteon,65,65,60,110,95,130,525,87.5,Electric,none,1,No,http://img.pokemondb.net/artwork/jolteon.jpg
136,Flareon,65,130,60,95,110,65,525,87.5,Fire,none,1,No,http://img.pokemondb.net/artwork/flareon.jpg
137,Porygon,65,60,70,85,75,40,395,65.83,Normal,none,1,No,http://img.pokemondb.net/artwork/porygon.jpg
138,Omanyte,35,40,100,90,55,35,355,59.17,Rock,Water,1,No,http://img.pokemondb.net/artwork/omanyte.jpg
139,Omastar,70,60,125,115,70,55,495,82.5,Rock,Water,1,No,http://img.pokemondb.net/artwork/omastar.jpg
140,Kabuto,30,80,90,55,45,55,355,59.17,Rock,Water,1,No,http://img.pokemondb.net/artwork/kabuto.jpg
141,Kabutops,60,115,105,65,70,80,495,82.5,Rock,Water,1,No,http://img.pokemondb.net/artwork/kabutops.jpg
142,Aerodactyl,80,105,65,60,75,130,515,85.83,Rock,Flying,1,No,http://img.pokemondb.net/artwork/aerodactyl.jpg
142M,Aerodactyl (Mega Aerodactyl),80,135,85,70,95,150,615,102.5,Rock,Flying,1,Yes,http://img.pokemondb.net/artwork/aerodactyl-mega.jpg
143,Snorlax,160,110,65,65,110,30,540,90,Normal,none,1,No,http://img.pokemondb.net/artwork/snorlax.jpg
144,Articuno,90,85,100,95,125,85,580,96.67,Ice,Flying,1,No,http://img.pokemondb.net/artwork/articuno.jpg
145,Zapdos,90,90,85,125,90,100,580,96.67,Electric,Flying,1,No,http://img.pokemondb.net/artwork/zapdos.jpg
146,Moltres,90,100,90,125,85,90,580,96.67,Fire,Flying,1,No,http://img.pokemondb.net/artwork/moltres.jpg
147,Dratini,41,64,45,50,50,50,300,50,Dragon,none,1,No,http://img.pokemondb.net/artwork/dratini.jpg
148,Dragonair,61,84,65,70,70,70,420,70,Dragon,none,1,No,http://img.pokemondb.net/artwork/dragonair.jpg
149,Dragonite,91,134,95,100,100,80,600,100,Dragon,Flying,1,No,http://img.pokemondb.net/artwork/dragonite.jpg
150,Mewtwo,106,110,90,154,90,130,680,113.33,Psychic,none,1,No,http://img.pokemondb.net/artwork/mewtwo.jpg
150MX,Mewtwo (Mega Mewtwo X),106,190,100,154,100,130,780,130,Psychic,none,1,Yes,http://img.pokemondb.net/artwork/mewtwo-mega-x.jpg
150MY,Mewtwo (Mega Mewtwo Y),106,150,70,194,120,140,780,130,Psychic,none,1,Yes,http://img.pokemondb.net/artwork/mewtwo-mega-y.jpg
151,Mew,100,100,100,100,100,100,600,100,Psychic,none,1,No,http://img.pokemondb.net/artwork/mew.jpg
152,Chikorita,45,49,65,49,65,45,318,53,Grass,none,2,No,http://img.pokemondb.net/artwork/chikorita.jpg
153,Bayleef,60,62,80,63,80,60,405,67.5,Grass,none,2,No,http://img.pokemondb.net/artwork/bayleef.jpg
154,Meganium,80,82,100,83,100,80,525,87.5,Grass,none,2,No,http://img.pokemondb.net/artwork/meganium.jpg
155,Cyndaquil,39,52,43,60,50,65,309,51.5,Fire,none,2,No,http://img.pokemondb.net/artwork/cyndaquil.jpg
156,Quilava,58,64,58,80,65,80,405,67.5,Fire,none,2,No,http://img.pokemondb.net/artwork/quilava.jpg
157,Typhlosion,78,84,78,109,85,100,534,89,Fire,none,2,No,http://img.pokemondb.net/artwork/typhlosion.jpg
158,Totodile,50,65,64,44,48,43,314,52.33,Water,none,2,No,http://img.pokemondb.net/artwork/totodile.jpg
159,Croconaw,65,80,80,59,63,58,405,67.5,Water,none,2,No,http://img.pokemondb.net/artwork/croconaw.jpg
160,Feraligatr,85,105,100,79,83,78,530,88.33,Water,none,2,No,http://img.pokemondb.net/artwork/feraligatr.jpg
161,Sentret,35,46,34,35,45,20,215,35.83,Normal,none,2,No,http://img.pokemondb.net/artwork/sentret.jpg
162,Furret,85,76,64,45,55,90,415,69.17,Normal,none,2,No,http://img.pokemondb.net/artwork/furret.jpg
163,Hoothoot,60,30,30,36,56,50,262,43.67,Normal,Flying,2,No,http://img.pokemondb.net/artwork/hoothoot.jpg
164,Noctowl,100,50,50,76,96,70,442,73.67,Normal,Flying,2,No,http://img.pokemondb.net/artwork/noctowl.jpg
165,Ledyba,40,20,30,40,80,55,265,44.17,Bug,Flying,2,No,http://img.pokemondb.net/artwork/ledyba.jpg
166,Ledian,55,35,50,55,110,85,390,65,Bug,Flying,2,No,http://img.pokemondb.net/artwork/ledian.jpg
167,Spinarak,40,60,40,40,40,30,250,41.67,Bug,Poison,2,No,http://img.pokemondb.net/artwork/spinarak.jpg
168,Ariados,70,90,70,60,60,40,390,65,Bug,Poison,2,No,http://img.pokemondb.net/artwork/ariados.jpg
169,Crobat,85,90,80,70,80,130,535,89.17,Poison,Flying,2,No,http://img.pokemondb.net/artwork/crobat.jpg
170,Chinchou,75,38,38,56,56,67,330,55,Water,Electric,2,No,http://img.pokemondb.net/artwork/chinchou.jpg
171,Lanturn,125,58,58,76,76,67,460,76.67,Water,Electric,2,No,http://img.pokemondb.net/artwork/lanturn.jpg
172,Pichu,20,40,15,35,35,60,205,34.17,Electric,none,2,No,http://img.pokemondb.net/artwork/pichu.jpg
173,Cleffa,50,25,28,45,55,15,218,36.33,Fairy,none,2,No,http://img.pokemondb.net/artwork/cleffa.jpg
174,Igglybuff,90,30,15,40,20,15,210,35,Normal,Fairy,2,No,http://img.pokemondb.net/artwork/igglybuff.jpg
175,Togepi,35,20,65,40,65,20,245,40.83,Fairy,none,2,No,http://img.pokemondb.net/artwork/togepi.jpg
176,Togetic,55,40,85,80,105,40,405,67.5,Fairy,Flying,2,No,http://img.pokemondb.net/artwork/togetic.jpg
177,Natu,40,50,45,70,45,70,320,53.33,Psychic,Flying,2,No,http://img.pokemondb.net/artwork/natu.jpg
178,Xatu,65,75,70,95,70,95,470,78.33,Psychic,Flying,2,No,http://img.pokemondb.net/artwork/xatu.jpg
179,Mareep,55,40,40,65,45,35,280,46.67,Electric,none,2,No,http://img.pokemondb.net/artwork/mareep.jpg
180,Flaaffy,70,55,55,80,60,45,365,60.83,Electric,none,2,No,http://img.pokemondb.net/artwork/flaaffy.jpg
181,Ampharos,90,75,85,115,90,55,510,85,Electric,none,2,No,http://img.pokemondb.net/artwork/ampharos.jpg
181M,Ampharos (Mega Ampharos),90,95,105,165,110,45,610,101.67,Electric,none,2,Yes,http://img.pokemondb.net/artwork/ampharos-mega.jpg
182,Bellossom,75,80,95,90,100,50,490,81.67,Grass,none,2,No,http://img.pokemondb.net/artwork/bellossom.jpg
183,Marill,70,20,50,20,50,40,250,41.67,Water,Fairy,2,No,http://img.pokemondb.net/artwork/marill.jpg
184,Azumarill,100,50,80,60,80,50,420,70,Water,Fairy,2,No,http://img.pokemondb.net/artwork/azumarill.jpg
185,Sudowoodo,70,100,115,30,65,30,410,68.33,Rock,none,2,No,http://img.pokemondb.net/artwork/sudowoodo.jpg
186,Politoed,90,75,75,90,100,70,500,83.33,Water,none,2,No,http://img.pokemondb.net/artwork/politoed.jpg
187,Hoppip,35,35,40,35,55,50,250,41.67,Grass,Flying,2,No,http://img.pokemondb.net/artwork/hoppip.jpg
188,Skiploom,55,45,50,45,65,80,340,56.67,Grass,Flying,2,No,http://img.pokemondb.net/artwork/skiploom.jpg
189,Jumpluff,75,55,70,55,95,110,460,76.67,Grass,Flying,2,No,http://img.pokemondb.net/artwork/jumpluff.jpg
190,Aipom,55,70,55,40,55,85,360,60,Normal,none,2,No,http://img.pokemondb.net/artwork/aipom.jpg
191,Sunkern,30,30,30,30,30,30,180,30,Grass,none,2,No,http://img.pokemondb.net/artwork/sunkern.jpg
192,Sunflora,75,75,55,105,85,30,425,70.83,Grass,none,2,No,http://img.pokemondb.net/artwork/sunflora.jpg
193,Yanma,65,65,45,75,45,95,390,65,Bug,Flying,2,No,http://img.pokemondb.net/artwork/yanma.jpg
194,Wooper,55,45,45,25,25,15,210,35,Water,Ground,2,No,http://img.pokemondb.net/artwork/wooper.jpg
195,Quagsire,95,85,85,65,65,35,430,71.67,Water,Ground,2,No,http://img.pokemondb.net/artwork/quagsire.jpg
196,Espeon,65,65,60,130,95,110,525,87.5,Psychic,none,2,No,http://img.pokemondb.net/artwork/espeon.jpg
197,Umbreon,95,65,110,60,130,65,525,87.5,Dark,none,2,No,http://img.pokemondb.net/artwork/umbreon.jpg
198,Murkrow,60,85,42,85,42,91,405,67.5,Dark,Flying,2,No,http://img.pokemondb.net/artwork/murkrow.jpg
199,Slowking,95,75,80,100,110,30,490,81.67,Water,Psychic,2,No,http://img.pokemondb.net/artwork/slowking.jpg
200,Misdreavus,60,60,60,85,85,85,435,72.5,Ghost,none,2,No,http://img.pokemondb.net/artwork/misdreavus.jpg
201,Unown,48,72,48,72,48,48,336,56,Psychic,none,2,No,http://img.pokemondb.net/artwork/unown.jpg
202,Wobbuffet,190,33,58,33,58,33,405,67.5,Psychic,none,2,No,http://img.pokemondb.net/artwork/wobbuffet.jpg
203,Girafarig,70,80,65,90,65,85,455,75.83,Normal,Psychic,2,No,http://img.pokemondb.net/artwork/girafarig.jpg
204,Pineco,50,65,90,35,35,15,290,48.33,Bug,none,2,No,http://img.pokemondb.net/artwork/pineco.jpg
205,Forretress,75,90,140,60,60,40,465,77.5,Bug,Steel,2,No,http://img.pokemondb.net/artwork/forretress.jpg
206,Dunsparce,100,70,70,65,65,45,415,69.17,Normal,none,2,No,http://img.pokemondb.net/artwork/dunsparce.jpg
207,Gligar,65,75,105,35,65,85,430,71.67,Ground,Flying,2,No,http://img.pokemondb.net/artwork/gligar.jpg
208,Steelix,75,85,200,55,65,30,510,85,Steel,Ground,2,No,http://img.pokemondb.net/artwork/steelix.jpg
208M,Steelix (Mega Steelix),75,125,230,55,95,30,610,101.67,Steel,Ground,2,Yes,http://img.pokemondb.net/artwork/steelix-mega.jpg
209,Snubbull,60,80,50,40,40,30,300,50,Fairy,none,2,No,http://img.pokemondb.net/artwork/snubbull.jpg
210,Granbull,90,120,75,60,60,45,450,75,Fairy,none,2,No,http://img.pokemondb.net/artwork/granbull.jpg
211,Qwilfish,65,95,75,55,55,85,430,71.67,Water,Poison,2,No,http://img.pokemondb.net/artwork/qwilfish.jpg
212,Scizor,70,130,100,55,80,65,500,83.33,Bug,Steel,2,No,http://img.pokemondb.net/artwork/scizor.jpg
212M,Scizor (Mega Scizor),70,150,140,65,100,75,600,100,Bug,Steel,2,Yes,http://img.pokemondb.net/artwork/scizor-mega.jpg
213,Shuckle,20,10,230,10,230,5,505,84.17,Bug,Rock,2,No,http://img.pokemondb.net/artwork/shuckle.jpg
214,Heracross,80,125,75,40,95,85,500,83.33,Bug,Fighting,2,No,http://img.pokemondb.net/artwork/heracross.jpg
214M,Heracross (Mega Heracross),80,185,115,40,105,75,600,100,Bug,Fighting,2,Yes,http://img.pokemondb.net/artwork/heracross-mega.jpg
215,Sneasel,55,95,55,35,75,115,430,71.67,Dark,Ice,2,No,http://img.pokemondb.net/artwork/sneasel.jpg
216,Teddiursa,60,80,50,50,50,40,330,55,Normal,none,2,No,http://img.pokemondb.net/artwork/teddiursa.jpg
217,Ursaring,90,130,75,75,75,55,500,83.33,Normal,none,2,No,http://img.pokemondb.net/artwork/ursaring.jpg
218,Slugma,40,40,40,70,40,20,250,41.67,Fire,none,2,No,http://img.pokemondb.net/artwork/slugma.jpg
219,Magcargo,50,50,120,80,80,30,410,68.33,Fire,Rock,2,No,http://img.pokemondb.net/artwork/magcargo.jpg
220,Swinub,50,50,40,30,30,50,250,41.67,Ice,Ground,2,No,http://img.pokemondb.net/artwork/swinub.jpg
221,Piloswine,100,100,80,60,60,50,450,75,Ice,Ground,2,No,http://img.pokemondb.net/artwork/piloswine.jpg
222,Corsola,55,55,85,65,85,35,380,63.33,Water,Rock,2,No,http://img.pokemondb.net/artwork/corsola.jpg
223,Remoraid,35,65,35,65,35,65,300,50,Water,none,2,No,http://img.pokemondb.net/artwork/remoraid.jpg
224,Octillery,75,105,75,105,75,45,480,80,Water,none,2,No,http://img.pokemondb.net/artwork/octillery.jpg
225,Delibird,45,55,45,65,45,75,330,55,Ice,Flying,2,No,http://img.pokemondb.net/artwork/delibird.jpg
226,Mantine,65,40,70,80,140,70,465,77.5,Water,Flying,2,No,http://img.pokemondb.net/artwork/mantine.jpg
227,Skarmory,65,80,140,40,70,70,465,77.5,Steel,Flying,2,No,http://img.pokemondb.net/artwork/skarmory.jpg
228,Houndour,45,60,30,80,50,65,330,55,Dark,Fire,2,No,http://img.pokemondb.net/artwork/houndour.jpg
229,Houndoom,75,90,50,110,80,95,500,83.33,Dark,Fire,2,No,http://img.pokemondb.net/artwork/houndoom.jpg
229M,Houndoom (Mega Houndoom),75,90,90,140,90,115,600,100,Dark,Fire,2,Yes,http://img.pokemondb.net/artwork/houndoom-mega.jpg
230,Kingdra,75,95,95,95,95,85,540,90,Water,Dragon,2,No,http://img.pokemondb.net/artwork/kingdra.jpg
231,Phanpy,90,60,60,40,40,40,330,55,Ground,none,2,No,http://img.pokemondb.net/artwork/phanpy.jpg
232,Donphan,90,120,120,60,60,50,500,83.33,Ground,none,2,No,http://img.pokemondb.net/artwork/donphan.jpg
233,Porygon2,85,80,90,105,95,60,515,85.83,Normal,none,2,No,http://img.pokemondb.net/artwork/porygon2.jpg
234,Stantler,73,95,62,85,65,85,465,77.5,Normal,none,2,No,http://img.pokemondb.net/artwork/stantler.jpg
235,Smeargle,55,20,35,20,45,75,250,41.67,Normal,none,2,No,http://img.pokemondb.net/artwork/smeargle.jpg
236,Tyrogue,35,35,35,35,35,35,210,35,Fighting,none,2,No,http://img.pokemondb.net/artwork/tyrogue.jpg
237,Hitmontop,50,95,95,35,110,70,455,75.83,Fighting,none,2,No,http://img.pokemondb.net/artwork/hitmontop.jpg
238,Smoochum,45,30,15,85,65,65,305,50.83,Ice,Psychic,2,No,http://img.pokemondb.net/artwork/smoochum.jpg
239,Elekid,45,63,37,65,55,95,360,60,Electric,none,2,No,http://img.pokemondb.net/artwork/elekid.jpg
240,Magby,45,75,37,70,55,83,365,60.83,Fire,none,2,No,http://img.pokemondb.net/artwork/magby.jpg
241,Miltank,95,80,105,40,70,100,490,81.67,Normal,none,2,No,http://img.pokemondb.net/artwork/miltank.jpg
242,Blissey,255,10,10,75,135,55,540,90,Normal,none,2,No,http://img.pokemondb.net/artwork/blissey.jpg
243,Raikou,90,85,75,115,100,115,580,96.67,Electric,none,2,No,http://img.pokemondb.net/artwork/raikou.jpg
244,Entei,115,115,85,90,75,100,580,96.67,Fire,none,2,No,http://img.pokemondb.net/artwork/entei.jpg
245,Suicune,100,75,115,90,115,85,580,96.67,Water,none,2,No,http://img.pokemondb.net/artwork/suicune.jpg
246,Larvitar,50,64,50,45,50,41,300,50,Rock,Ground,2,No,http://img.pokemondb.net/artwork/larvitar.jpg
247,Pupitar,70,84,70,65,70,51,410,68.33,Rock,Ground,2,No,http://img.pokemondb.net/artwork/pupitar.jpg
248,Tyranitar,100,134,110,95,100,61,600,100,Rock,Dark,2,No,http://img.pokemondb.net/artwork/tyranitar.jpg
248M,Tyranitar (Mega Tyranitar),100,164,150,95,120,71,700,116.67,Rock,Dark,2,Yes,http://img.pokemondb.net/artwork/tyranitar-mega.jpg
249,Lugia,106,90,130,90,154,110,680,113.33,Psychic,Flying,2,No,http://img.pokemondb.net/artwork/lugia.jpg
250,Ho-Oh,106,130,90,110,154,90,680,113.33,Fire,Flying,2,No,http://img.pokemondb.net/artwork/ho-oh.jpg
251,Celebi,100,100,100,100,100,100,600,100,Psychic,Grass,2,No,http://img.pokemondb.net/artwork/celebi.jpg
252,Treecko,40,45,35,65,55,70,310,51.67,Grass,none,3,No,http://img.pokemondb.net/artwork/treecko.jpg
253,Grovyle,50,65,45,85,65,95,405,67.5,Grass,none,3,No,http://img.pokemondb.net/artwork/grovyle.jpg
254,Sceptile,70,85,65,105,85,120,530,88.33,Grass,none,3,No,http://img.pokemondb.net/artwork/sceptile.jpg
254M,Sceptile (Mega Sceptile),70,110,75,145,85,145,630,105,Grass,none,3,Yes,http://img.pokemondb.net/artwork/sceptile-mega.jpg
255,Torchic,45,60,40,70,50,45,310,51.67,Fire,none,3,No,http://img.pokemondb.net/artwork/torchic.jpg
256,Combusken,60,85,60,85,60,55,405,67.5,Fire,Fighting,3,No,http://img.pokemondb.net/artwork/combusken.jpg
257,Blaziken,80,120,70,110,70,80,530,88.33,Fire,Fighting,3,No,http://img.pokemondb.net/artwork/blaziken.jpg
257M,Blaziken (Mega Blaziken),80,160,80,130,80,100,630,105,Fire,Fighting,3,Yes,http://img.pokemondb.net/artwork/blaziken-mega.jpg
258,Mudkip,50,70,50,50,50,40,310,51.67,Water,none,3,No,http://img.pokemondb.net/artwork/mudkip.jpg
259,Marshtomp,70,85,70,60,70,50,405,67.5,Water,Ground,3,No,http://img.pokemondb.net/artwork/marshtomp.jpg
260,Swampert,100,110,90,85,90,60,535,89.17,Water,Ground,3,No,http://img.pokemondb.net/artwork/swampert.jpg
260M,Swampert (Mega Swampert),100,150,110,95,110,70,635,105.83,Water,Ground,3,Yes,http://img.pokemondb.net/artwork/swampert-mega.jpg
261,Poochyena,35,55,35,30,30,35,220,36.67,Dark,none,3,No,http://img.pokemondb.net/artwork/poochyena.jpg
262,Mightyena,70,90,70,60,60,70,420,70,Dark,none,3,No,http://img.pokemondb.net/artwork/mightyena.jpg
263,Zigzagoon,38,30,41,30,41,60,240,40,Normal,none,3,No,http://img.pokemondb.net/artwork/zigzagoon.jpg
264,Linoone,78,70,61,50,61,100,420,70,Normal,none,3,No,http://img.pokemondb.net/artwork/linoone.jpg
265,Wurmple,45,45,35,20,30,20,195,32.5,Bug,none,3,No,http://img.pokemondb.net/artwork/wurmple.jpg
266,Silcoon,50,35,55,25,25,15,205,34.17,Bug,none,3,No,http://img.pokemondb.net/artwork/silcoon.jpg
267,Beautifly,60,70,50,100,50,65,395,65.83,Bug,Flying,3,No,http://img.pokemondb.net/artwork/beautifly.jpg
268,Cascoon,50,35,55,25,25,15,205,34.17,Bug,none,3,No,http://img.pokemondb.net/artwork/cascoon.jpg
269,Dustox,60,50,70,50,90,65,385,64.17,Bug,Poison,3,No,http://img.pokemondb.net/artwork/dustox.jpg
270,Lotad,40,30,30,40,50,30,220,36.67,Water,Grass,3,No,http://img.pokemondb.net/artwork/lotad.jpg
271,Lombre,60,50,50,60,70,50,340,56.67,Water,Grass,3,No,http://img.pokemondb.net/artwork/lombre.jpg
272,Ludicolo,80,70,70,90,100,70,480,80,Water,Grass,3,No,http://img.pokemondb.net/artwork/ludicolo.jpg
273,Seedot,40,40,50,30,30,30,220,36.67,Grass,none,3,No,http://img.pokemondb.net/artwork/seedot.jpg
274,Nuzleaf,70,70,40,60,40,60,340,56.67,Grass,Dark,3,No,http://img.pokemondb.net/artwork/nuzleaf.jpg
275,Shiftry,90,100,60,90,60,80,480,80,Grass,Dark,3,No,http://img.pokemondb.net/artwork/shiftry.jpg
276,Taillow,40,55,30,30,30,85,270,45,Normal,Flying,3,No,http://img.pokemondb.net/artwork/taillow.jpg
277,Swellow,60,85,60,50,50,125,430,71.67,Normal,Flying,3,No,http://img.pokemondb.net/artwork/swellow.jpg
278,Wingull,40,30,30,55,30,85,270,45,Water,Flying,3,No,http://img.pokemondb.net/artwork/wingull.jpg
279,Pelipper,60,50,100,85,70,65,430,71.67,Water,Flying,3,No,http://img.pokemondb.net/artwork/pelipper.jpg
280,Ralts,28,25,25,45,35,40,198,33,Psychic,Fairy,3,No,http://img.pokemondb.net/artwork/ralts.jpg
281,Kirlia,38,35,35,65,55,50,278,46.33,Psychic,Fairy,3,No,http://img.pokemondb.net/artwork/kirlia.jpg
282,Gardevoir,68,65,65,125,115,80,518,86.33,Psychic,Fairy,3,No,http://img.pokemondb.net/artwork/gardevoir.jpg
282M,Gardevoir (Mega Gardevoir),68,85,65,165,135,100,618,103,Psychic,Fairy,3,Yes,http://img.pokemondb.net/artwork/gardevoir-mega.jpg
283,Surskit,40,30,32,50,52,65,269,44.83,Bug,Water,3,No,http://img.pokemondb.net/artwork/surskit.jpg
284,Masquerain,70,60,62,80,82,60,414,69,Bug,Flying,3,No,http://img.pokemondb.net/artwork/masquerain.jpg
285,Shroomish,60,40,60,40,60,35,295,49.17,Grass,none,3,No,http://img.pokemondb.net/artwork/shroomish.jpg
286,Breloom,60,130,80,60,60,70,460,76.67,Grass,Fighting,3,No,http://img.pokemondb.net/artwork/breloom.jpg
287,Slakoth,60,60,60,35,35,30,280,46.67,Normal,none,3,No,http://img.pokemondb.net/artwork/slakoth.jpg
288,Vigoroth,80,80,80,55,55,90,440,73.33,Normal,none,3,No,http://img.pokemondb.net/artwork/vigoroth.jpg
289,Slaking,150,160,100,95,65,100,670,111.67,Normal,none,3,No,http://img.pokemondb.net/artwork/slaking.jpg
290,Nincada,31,45,90,30,30,40,266,44.33,Bug,Ground,3,No,http://img.pokemondb.net/artwork/nincada.jpg
291,Ninjask,61,90,45,50,50,160,456,76,Bug,Flying,3,No,http://img.pokemondb.net/artwork/ninjask.jpg
292,Shedinja,1,90,45,30,30,40,236,39.33,Bug,Ghost,3,No,http://img.pokemondb.net/artwork/shedinja.jpg
293,Whismur,64,51,23,51,23,28,240,40,Normal,none,3,No,http://img.pokemondb.net/artwork/whismur.jpg
294,Loudred,84,71,43,71,43,48,360,60,Normal,none,3,No,http://img.pokemondb.net/artwork/loudred.jpg
295,Exploud,104,91,63,91,73,68,490,81.67,Normal,none,3,No,http://img.pokemondb.net/artwork/exploud.jpg
296,Makuhita,72,60,30,20,30,25,237,39.5,Fighting,none,3,No,http://img.pokemondb.net/artwork/makuhita.jpg
297,Hariyama,144,120,60,40,60,50,474,79,Fighting,none,3,No,http://img.pokemondb.net/artwork/hariyama.jpg
298,Azurill,50,20,40,20,40,20,190,31.67,Normal,Fairy,3,No,http://img.pokemondb.net/artwork/azurill.jpg
299,Nosepass,30,45,135,45,90,30,375,62.5,Rock,none,3,No,http://img.pokemondb.net/artwork/nosepass.jpg
300,Skitty,50,45,45,35,35,50,260,43.33,Normal,none,3,No,http://img.pokemondb.net/artwork/skitty.jpg
301,Delcatty,70,65,65,55,55,70,380,63.33,Normal,none,3,No,http://img.pokemondb.net/artwork/delcatty.jpg
302,Sableye,50,75,75,65,65,50,380,63.33,Dark,Ghost,3,No,http://img.pokemondb.net/artwork/sableye.jpg
302M,Sableye (Mega Sableye),50,85,125,85,115,20,480,80,Dark,Ghost,3,Yes,http://img.pokemondb.net/artwork/sableye-mega.jpg
303,Mawile,50,85,85,55,55,50,380,63.33,Steel,Fairy,3,No,http://img.pokemondb.net/artwork/mawile.jpg
303M,Mawile (Mega Mawile),50,105,125,55,95,50,480,80,Steel,Fairy,3,Yes,http://img.pokemondb.net/artwork/mawile-mega.jpg
304,Aron,50,70,100,40,40,30,330,55,Steel,Rock,3,No,http://img.pokemondb.net/artwork/aron.jpg
305,Lairon,60,90,140,50,50,40,430,71.67,Steel,Rock,3,No,http://img.pokemondb.net/artwork/lairon.jpg
306,Aggron,70,110,180,60,60,50,530,88.33,Steel,Rock,3,No,http://img.pokemondb.net/artwork/aggron.jpg
306M,Aggron (Mega Aggron),70,140,230,60,80,50,630,105,Steel,Rock,3,Yes,http://img.pokemondb.net/artwork/aggron-mega.jpg
307,Meditite,30,40,55,40,55,60,280,46.67,Fighting,Psychic,3,No,http://img.pokemondb.net/artwork/meditite.jpg
308,Medicham,60,60,75,60,75,80,410,68.33,Fighting,Psychic,3,No,http://img.pokemondb.net/artwork/medicham.jpg
308M,Medicham (Mega Medicham),60,100,85,80,85,100,510,85,Electric,Psychic,3,Yes,http://img.pokemondb.net/artwork/medicham-mega.jpg
309,Electrike,40,45,40,65,40,65,295,49.17,Electric,none,3,No,http://img.pokemondb.net/artwork/electrike.jpg
310,Manectric,70,75,60,105,60,105,475,79.17,Electric,none,3,No,http://img.pokemondb.net/artwork/manectric.jpg
310M,Manectric (Mega Manectric),70,75,80,135,80,135,575,95.83,Electric,none,3,Yes,http://img.pokemondb.net/artwork/manectric-mega.jpg
311,Plusle,60,50,40,85,75,95,405,67.5,Electric,none,3,No,http://img.pokemondb.net/artwork/plusle.jpg
312,Minun,60,40,50,75,85,95,405,67.5,Electric,none,3,No,http://img.pokemondb.net/artwork/minun.jpg
313,Volbeat,65,73,55,47,75,85,400,66.67,Bug,none,3,No,http://img.pokemondb.net/artwork/volbeat.jpg
314,Illumise,65,47,55,73,75,85,400,66.67,Bug,none,3,No,http://img.pokemondb.net/artwork/illumise.jpg
315,Roselia,50,60,45,100,80,65,400,66.67,Grass,Poison,3,No,http://img.pokemondb.net/artwork/roselia.jpg
316,Gulpin,70,43,53,43,53,40,302,50.33,Poison,none,3,No,http://img.pokemondb.net/artwork/gulpin.jpg
317,Swalot,100,73,83,73,83,55,467,77.83,Poison,none,3,No,http://img.pokemondb.net/artwork/swalot.jpg
318,Carvanha,45,90,20,65,20,65,305,50.83,Water,Dark,3,No,http://img.pokemondb.net/artwork/carvanha.jpg
319,Sharpedo,70,120,40,95,40,95,460,76.67,Water,Dark,3,No,http://img.pokemondb.net/artwork/sharpedo.jpg
319M,Sharpedo (Mega Sharpedo),70,140,70,110,65,105,560,93.33,Water,Dark,3,Yes,http://img.pokemondb.net/artwork/sharpedo-mega.jpg
320,Wailmer,130,70,35,70,35,60,400,66.67,Water,none,3,No,http://img.pokemondb.net/artwork/wailmer.jpg
321,Wailord,170,90,45,90,45,60,500,83.33,Water,none,3,No,http://img.pokemondb.net/artwork/wailord.jpg
322,Numel,60,60,40,65,45,35,305,50.83,Fire,Ground,3,No,http://img.pokemondb.net/artwork/numel.jpg
323,Camerupt,70,100,70,105,75,40,460,76.67,Fire,Ground,3,No,http://img.pokemondb.net/artwork/camerupt.jpg
323M,Camerupt (Mega Camerupt),70,120,100,145,105,20,560,93.33,Fire,Ground,3,Yes,http://img.pokemondb.net/artwork/camerupt-mega.jpg
324,Torkoal,70,85,140,85,70,20,470,78.33,Fire,none,3,No,http://img.pokemondb.net/artwork/torkoal.jpg
325,Spoink,60,25,35,70,80,60,330,55,Psychic,none,3,No,http://img.pokemondb.net/artwork/spoink.jpg
326,Grumpig,80,45,65,90,110,80,470,78.33,Psychic,none,3,No,http://img.pokemondb.net/artwork/grumpig.jpg
327,Spinda,60,60,60,60,60,60,360,60,Normal,none,3,No,http://img.pokemondb.net/artwork/spinda.jpg
328,Trapinch,45,100,45,45,45,10,290,48.33,Ground,none,3,No,http://img.pokemondb.net/artwork/trapinch.jpg
329,Vibrava,50,70,50,50,50,70,340,56.67,Ground,Dragon,3,No,http://img.pokemondb.net/artwork/vibrava.jpg
330,Flygon,80,100,80,80,80,100,520,86.67,Ground,Dragon,3,No,http://img.pokemondb.net/artwork/flygon.jpg
331,Cacnea,50,85,40,85,40,35,335,55.83,Grass,none,3,No,http://img.pokemondb.net/artwork/cacnea.jpg
332,Cacturne,70,115,60,115,60,55,475,79.17,Grass,Dark,3,No,http://img.pokemondb.net/artwork/cacturne.jpg
333,Swablu,45,40,60,40,75,50,310,51.67,Normal,Flying,3,No,http://img.pokemondb.net/artwork/swablu.jpg
334,Altaria,75,70,90,70,105,80,490,81.67,Dragon,Flying,3,No,http://img.pokemondb.net/artwork/altaria.jpg
334M,Altaria (Mega Altaria),75,110,110,110,105,80,590,98.33,Dragon,Flying,3,Yes,http://img.pokemondb.net/artwork/altaria-mega.jpg
335,Zangoose,73,115,60,60,60,90,458,76.33,Normal,none,3,No,http://img.pokemondb.net/artwork/zangoose.jpg
336,Seviper,73,100,60,100,60,65,458,76.33,Poison,none,3,No,http://img.pokemondb.net/artwork/seviper.jpg
337,Lunatone,70,55,65,95,85,70,440,73.33,Rock,Psychic,3,No,http://img.pokemondb.net/artwork/lunatone.jpg
338,Solrock,70,95,85,55,65,70,440,73.33,Rock,Psychic,3,No,http://img.pokemondb.net/artwork/solrock.jpg
339,Barboach,50,48,43,46,41,60,288,48,Water,Ground,3,No,http://img.pokemondb.net/artwork/barboach.jpg
340,Whiscash,110,78,73,76,71,60,468,78,Water,Ground,3,No,http://img.pokemondb.net/artwork/whiscash.jpg
341,Corphish,43,80,65,50,35,35,308,51.33,Water,none,3,No,http://img.pokemondb.net/artwork/corphish.jpg
342,Crawdaunt,63,120,85,90,55,55,468,78,Water,Dark,3,No,http://img.pokemondb.net/artwork/crawdaunt.jpg
343,Baltoy,40,40,55,40,70,55,300,50,Ground,Psychic,3,No,http://img.pokemondb.net/artwork/baltoy.jpg
344,Claydol,60,70,105,70,120,75,500,83.33,Ground,Psychic,3,No,http://img.pokemondb.net/artwork/claydol.jpg
345,Lileep,66,41,77,61,87,23,355,59.17,Rock,Grass,3,No,http://img.pokemondb.net/artwork/lileep.jpg
346,Cradily,86,81,97,81,107,43,495,82.5,Rock,Grass,3,No,http://img.pokemondb.net/artwork/cradily.jpg
347,Anorith,45,95,50,40,50,75,355,59.17,Rock,Bug,3,No,http://img.pokemondb.net/artwork/anorith.jpg
348,Armaldo,75,125,100,70,80,45,495,82.5,Rock,Bug,3,No,http://img.pokemondb.net/artwork/armaldo.jpg
349,Feebas,20,15,20,10,55,80,200,33.33,Water,none,3,No,http://img.pokemondb.net/artwork/feebas.jpg
350,Milotic,95,60,79,100,125,81,540,90,Water,none,3,No,http://img.pokemondb.net/artwork/milotic.jpg
351,Castform,70,70,70,70,70,70,420,70,Normal,none,3,No,http://img.pokemondb.net/artwork/castform.jpg
352,Kecleon,60,90,70,60,120,40,440,73.33,Normal,none,3,No,http://img.pokemondb.net/artwork/kecleon.jpg
353,Shuppet,44,75,35,63,33,45,295,49.17,Ghost,none,3,No,http://img.pokemondb.net/artwork/shuppet.jpg
354,Banette,64,115,65,83,63,65,455,75.83,Ghost,none,3,No,http://img.pokemondb.net/artwork/banette.jpg
354M,Banette (Mega Banette),64,165,75,93,83,75,555,92.5,Ghost,none,3,Yes,http://img.pokemondb.net/artwork/banette-mega.jpg
355,Duskull,20,40,90,30,90,25,295,49.17,Ghost,none,3,No,http://img.pokemondb.net/artwork/duskull.jpg
356,Dusclops,40,70,130,60,130,25,455,75.83,Ghost,none,3,No,http://img.pokemondb.net/artwork/dusclops.jpg
357,Tropius,99,68,83,72,87,51,460,76.67,Grass,Flying,3,No,http://img.pokemondb.net/artwork/tropius.jpg
358,Chimecho,65,50,70,95,80,65,425,70.83,Psychic,none,3,No,http://img.pokemondb.net/artwork/chimecho.jpg
359,Absol,65,130,60,75,60,75,465,77.5,Dark,none,3,No,http://img.pokemondb.net/artwork/absol.jpg
359M,Absol (Mega Absol),65,150,60,115,60,115,565,94.17,Dark,none,3,Yes,http://img.pokemondb.net/artwork/absol-mega.jpg
360,Wynaut,95,23,48,23,48,23,260,43.33,Psychic,none,3,No,http://img.pokemondb.net/artwork/wynaut.jpg
361,Snorunt,50,50,50,50,50,50,300,50,Ice,none,3,No,http://img.pokemondb.net/artwork/snorunt.jpg
362,Glalie,80,80,80,80,80,80,480,80,Ice,none,3,No,http://img.pokemondb.net/artwork/glalie.jpg
362M,Glalie (Mega Glalie),80,120,80,120,80,100,580,96.67,Ice,none,3,Yes,http://img.pokemondb.net/artwork/glalie-mega.jpg
363,Spheal,70,40,50,55,50,25,290,48.33,Ice,Water,3,No,http://img.pokemondb.net/artwork/spheal.jpg
364,Sealeo,90,60,70,75,70,45,410,68.33,Ice,Water,3,No,http://img.pokemondb.net/artwork/sealeo.jpg
365,Walrein,110,80,90,95,90,65,530,88.33,Ice,Water,3,No,http://img.pokemondb.net/artwork/walrein.jpg
366,Clamperl,35,64,85,74,55,32,345,57.5,Water,none,3,No,http://img.pokemondb.net/artwork/clamperl.jpg
367,Huntail,55,104,105,94,75,52,485,80.83,Water,none,3,No,http://img.pokemondb.net/artwork/huntail.jpg
368,Gorebyss,55,84,105,114,75,52,485,80.83,Water,none,3,No,http://img.pokemondb.net/artwork/gorebyss.jpg
369,Relicanth,100,90,130,45,65,55,485,80.83,Water,Rock,3,No,http://img.pokemondb.net/artwork/relicanth.jpg
370,Luvdisc,43,30,55,40,65,97,330,55,Water,none,3,No,http://img.pokemondb.net/artwork/luvdisc.jpg
371,Bagon,45,75,60,40,30,50,300,50,Dragon,none,3,No,http://img.pokemondb.net/artwork/bagon.jpg
372,Shelgon,65,95,100,60,50,50,420,70,Dragon,none,3,No,http://img.pokemondb.net/artwork/shelgon.jpg
373,Salamence,95,135,80,110,80,100,600,100,Dragon,Flying,3,No,http://img.pokemondb.net/artwork/salamence.jpg
373M,Salamence (Mega Salamence),95,145,130,120,90,120,700,116.67,Dragon,Flying,3,Yes,http://img.pokemondb.net/artwork/salamence-mega.jpg
374,Beldum,40,55,80,35,60,30,300,50,Steel,Psychic,3,No,http://img.pokemondb.net/artwork/beldum.jpg
375,Metang,60,75,100,55,80,50,420,70,Steel,Psychic,3,No,http://img.pokemondb.net/artwork/metang.jpg
376,Metagross,80,135,130,95,90,70,600,100,Steel,Psychic,3,No,http://img.pokemondb.net/artwork/metagross.jpg
376M,Metagross (Mega Metagross),80,145,150,105,110,110,700,116.67,Steel,Psychic,3,Yes,http://img.pokemondb.net/artwork/metagross-mega.jpg
377,Regirock,80,100,200,50,100,50,580,96.67,Rock,none,3,No,http://img.pokemondb.net/artwork/regirock.jpg
378,Regice,80,50,100,100,200,50,580,96.67,Ice,none,3,No,http://img.pokemondb.net/artwork/regice.jpg
379,Registeel,80,75,150,75,150,50,580,96.67,Steel,none,3,No,http://img.pokemondb.net/artwork/registeel.jpg
380,Latias,80,80,90,110,130,110,600,100,Dragon,Psychic,3,No,http://img.pokemondb.net/artwork/latias.jpg
380M,Latias (Mega Latias),80,100,120,140,150,110,700,116.67,Dragon,Psychic,3,Yes,http://img.pokemondb.net/artwork/latias-mega.jpg
381,Latios,80,90,80,130,110,110,600,100,Dragon,Psychic,3,No,http://img.pokemondb.net/artwork/latios.jpg
381M,Latios (Mega Latios),80,130,100,160,120,110,700,116.67,Dragon,Psychic,3,Yes,http://img.pokemondb.net/artwork/latios-mega.jpg
382,Kyogre,100,100,90,150,140,90,670,111.67,Water,none,3,No,http://img.pokemondb.net/artwork/kyogre.jpg
382P,Kyogre (Primal Kyogre),100,150,90,180,160,90,770,128.33,Water,none,3,Yes,http://img.pokemondb.net/artwork/kyogre-primal.jpg
383,Groudon,100,150,140,100,90,90,670,111.67,Ground,none,3,No,http://img.pokemondb.net/artwork/groudon.jpg
383P,Groudon (Primal Groudon),100,180,160,150,90,90,770,128.33,Ground,none,3,Yes,http://img.pokemondb.net/artwork/groudon-primal.jpg
384,Rayquaza,105,150,90,150,90,95,680,113.33,Dragon,Flying,3,No,http://img.pokemondb.net/artwork/rayquaza.jpg
384M,Rayquaza (Mega Rayquaza),105,180,100,180,100,115,780,130,Dragon,Flying,3,Yes,http://img.pokemondb.net/artwork/rayquaza-mega.jpg
385,Jirachi,100,100,100,100,100,100,600,100,Steel,Psychic,3,No,http://img.pokemondb.net/artwork/jirachi.jpg
386,Deoxys (Normal Forme),50,150,50,150,50,150,600,100,Psychic,none,3,No,http://img.pokemondb.net/artwork/deoxys-normal.jpg
386,Deoxys (Attack Forme),50,180,20,180,20,150,600,100,Psychic,none,3,No,http://img.pokemondb.net/artwork/deoxys-attack.jpg
386,Deoxys (Defense Forme),50,70,160,70,160,90,600,100,Psychic,none,3,No,http://img.pokemondb.net/artwork/deoxys-defense.jpg
386,Deoxys (Speed Forme),50,95,90,95,90,180,600,100,Psychic,none,3,No,http://img.pokemondb.net/artwork/deoxys-speed.jpg
387,Turtwig,55,68,64,45,55,31,318,53,Grass,none,4,No,http://img.pokemondb.net/artwork/turtwig.jpg
388,Grotle,75,89,85,55,65,36,405,67.5,Grass,none,4,No,http://img.pokemondb.net/artwork/grotle.jpg
389,Torterra,95,109,105,75,85,56,525,87.5,Grass,Ground,4,No,http://img.pokemondb.net/artwork/torterra.jpg
390,Chimchar,44,58,44,58,44,61,309,51.5,Fire,none,4,No,http://img.pokemondb.net/artwork/chimchar.jpg
391,Monferno,64,78,52,78,52,81,405,67.5,Fire,Fighting,4,No,http://img.pokemondb.net/artwork/monferno.jpg
392,Infernape,76,104,71,104,71,108,534,89,Fire,Fighting,4,No,http://img.pokemondb.net/artwork/infernape.jpg
393,Piplup,53,51,53,61,56,40,314,52.33,Water,none,4,No,http://img.pokemondb.net/artwork/piplup.jpg
394,Prinplup,64,66,68,81,76,50,405,67.5,Water,none,4,No,http://img.pokemondb.net/artwork/prinplup.jpg
395,Empoleon,84,86,88,111,101,60,530,88.33,Water,Steel,4,No,http://img.pokemondb.net/artwork/empoleon.jpg
396,Starly,40,55,30,30,30,60,245,40.83,Normal,Flying,4,No,http://img.pokemondb.net/artwork/starly.jpg
397,Staravia,55,75,50,40,40,80,340,56.67,Normal,Flying,4,No,http://img.pokemondb.net/artwork/staravia.jpg
398,Staraptor,85,120,70,50,60,100,485,80.83,Normal,Flying,4,No,http://img.pokemondb.net/artwork/staraptor.jpg
399,Bidoof,59,45,40,35,40,31,250,41.67,Normal,none,4,No,http://img.pokemondb.net/artwork/bidoof.jpg
400,Bibarel,79,85,60,55,60,71,410,68.33,Normal,Water,4,No,http://img.pokemondb.net/artwork/bibarel.jpg
401,Kricketot,37,25,41,25,41,25,194,32.33,Bug,none,4,No,http://img.pokemondb.net/artwork/kricketot.jpg
402,Kricketune,77,85,51,55,51,65,384,64,Bug,none,4,No,http://img.pokemondb.net/artwork/kricketune.jpg
403,Shinx,45,65,34,40,34,45,263,43.83,Electric,none,4,No,http://img.pokemondb.net/artwork/shinx.jpg
404,Luxio,60,85,49,60,49,60,363,60.5,Electric,none,4,No,http://img.pokemondb.net/artwork/luxio.jpg
405,Luxray,80,120,79,95,79,70,523,87.17,Electric,none,4,No,http://img.pokemondb.net/artwork/luxray.jpg
406,Budew,40,30,35,50,70,55,280,46.67,Grass,Poison,4,No,http://img.pokemondb.net/artwork/budew.jpg
407,Roserade,60,70,65,125,105,90,515,85.83,Grass,Poison,4,No,http://img.pokemondb.net/artwork/roserade.jpg
408,Cranidos,67,125,40,30,30,58,350,58.33,Rock,none,4,No,http://img.pokemondb.net/artwork/cranidos.jpg
409,Rampardos,97,165,60,65,50,58,495,82.5,Rock,none,4,No,http://img.pokemondb.net/artwork/rampardos.jpg
410,Shieldon,30,42,118,42,88,30,350,58.33,Rock,Steel,4,No,http://img.pokemondb.net/artwork/shieldon.jpg
411,Bastiodon,60,52,168,47,138,30,495,82.5,Rock,Steel,4,No,http://img.pokemondb.net/artwork/bastiodon.jpg
412,Burmy,40,29,45,29,45,36,224,37.33,Bug,none,4,No,http://img.pokemondb.net/artwork/burmy.jpg
413,Wormadam (Plant Cloak),60,59,85,79,105,36,424,70.67,Bug,Grass,4,No,http://img.pokemondb.net/artwork/wormadam-plant.jpg
413,Wormadam (Sandy Cloak),60,79,105,59,85,36,424,70.67,Bug,Ground,4,No,http://img.pokemondb.net/artwork/wormadam-sandy.jpg
413,Wormadam (Trash Cloak),60,69,95,69,95,36,424,70.67,Bug,Steel,4,No,http://img.pokemondb.net/artwork/wormadam-trash.jpg
414,Mothim,70,94,50,94,50,66,424,70.67,Bug,Flying,4,No,http://img.pokemondb.net/artwork/mothim.jpg
415,Combee,30,30,42,30,42,70,244,40.67,Bug,Flying,4,No,http://img.pokemondb.net/artwork/combee.jpg
416,Vespiquen,70,80,102,80,102,40,474,79,Bug,Flying,4,No,http://img.pokemondb.net/artwork/vespiquen.jpg
417,Pachirisu,60,45,70,45,90,95,405,67.5,Electric,none,4,No,http://img.pokemondb.net/artwork/pachirisu.jpg
418,Buizel,55,65,35,60,30,85,330,55,Water,none,4,No,http://img.pokemondb.net/artwork/buizel.jpg
419,Floatzel,85,105,55,85,50,115,495,82.5,Water,none,4,No,http://img.pokemondb.net/artwork/floatzel.jpg
420,Cherubi,45,35,45,62,53,35,275,45.83,Grass,none,4,No,http://img.pokemondb.net/artwork/cherubi.jpg
421,Cherrim,70,60,70,87,78,85,450,75,Grass,none,4,No,http://img.pokemondb.net/artwork/cherrim.jpg
422,Shellos,76,48,48,57,62,34,325,54.17,Water,none,4,No,http://img.pokemondb.net/artwork/shellos.jpg
423,Gastrodon,111,83,68,92,82,39,475,79.17,Water,Ground,4,No,http://img.pokemondb.net/artwork/gastrodon.jpg
424,Ambipom,75,100,66,60,66,115,482,80.33,Normal,none,4,No,http://img.pokemondb.net/artwork/ambipom.jpg
425,Drifloon,90,50,34,60,44,70,348,58,Ghost,Flying,4,No,http://img.pokemondb.net/artwork/drifloon.jpg
426,Drifblim,150,80,44,90,54,80,498,83,Ghost,Flying,4,No,http://img.pokemondb.net/artwork/drifblim.jpg
427,Buneary,55,66,44,44,56,85,350,58.33,Normal,none,4,No,http://img.pokemondb.net/artwork/buneary.jpg
428,Lopunny,65,76,84,54,96,105,480,80,Normal,none,4,No,http://img.pokemondb.net/artwork/lopunny.jpg
428M,Lopunny (Mega Lopunny),65,136,94,54,96,135,580,96.67,Normal,none,4,Yes,http://img.pokemondb.net/artwork/lopunny-mega.jpg
429,Mismagius,60,60,60,105,105,105,495,82.5,Ghost,none,4,No,http://img.pokemondb.net/artwork/mismagius.jpg
430,Honchkrow,100,125,52,105,52,71,505,84.17,Dark,Flying,4,No,http://img.pokemondb.net/artwork/honchkrow.jpg
431,Glameow,49,55,42,42,37,85,310,51.67,Normal,none,4,No,http://img.pokemondb.net/artwork/glameow.jpg
432,Purugly,71,82,64,64,59,112,452,75.33,Normal,none,4,No,http://img.pokemondb.net/artwork/purugly.jpg
433,Chingling,45,30,50,65,50,45,285,47.5,Psychic,none,4,No,http://img.pokemondb.net/artwork/chingling.jpg
434,Stunky,63,63,47,41,41,74,329,54.83,Poison,Dark,4,No,http://img.pokemondb.net/artwork/stunky.jpg
435,Skuntank,103,93,67,71,61,84,479,79.83,Poison,Dark,4,No,http://img.pokemondb.net/artwork/skuntank.jpg
436,Bronzor,57,24,86,24,86,23,300,50,Steel,Psychic,4,No,http://img.pokemondb.net/artwork/bronzor.jpg
437,Bronzong,67,89,116,79,116,33,500,83.33,Steel,Psychic,4,No,http://img.pokemondb.net/artwork/bronzong.jpg
438,Bonsly,50,80,95,10,45,10,290,48.33,Rock,none,4,No,http://img.pokemondb.net/artwork/bonsly.jpg
439,Mime Jr.,20,25,45,70,90,60,310,51.67,Psychic,Fairy,4,No,http://img.pokemondb.net/artwork/mime jr..jpg
440,Happiny,100,5,5,15,65,30,220,36.67,Normal,none,4,No,http://img.pokemondb.net/artwork/happiny.jpg
441,Chatot,76,65,45,92,42,91,411,68.5,Normal,Flying,4,No,http://img.pokemondb.net/artwork/chatot.jpg
442,Spiritomb,50,92,108,92,108,35,485,80.83,Ghost,none,4,No,http://img.pokemondb.net/artwork/spiritomb.jpg
443,Gible,58,70,45,40,45,42,300,50,Dragon,Ground,4,No,http://img.pokemondb.net/artwork/gible.jpg
444,Gabite,68,90,65,50,55,82,410,68.33,Dragon,Ground,4,No,http://img.pokemondb.net/artwork/gabite.jpg
445,Garchomp,108,130,95,80,85,102,600,100,Dragon,Ground,4,No,http://img.pokemondb.net/artwork/garchomp.jpg
445M,Garchomp (Mega Garchomp),108,170,115,120,95,92,700,116.67,Dragon,Ground,4,Yes,http://img.pokemondb.net/artwork/garchomp-mega.jpg
446,Munchlax,135,85,40,40,85,5,390,65,Normal,none,4,No,http://img.pokemondb.net/artwork/munchlax.jpg
447,Riolu,40,70,40,35,40,60,285,47.5,Fighting,none,4,No,http://img.pokemondb.net/artwork/riolu.jpg
448,Lucario,70,110,70,115,70,90,525,87.5,Fighting,Steel,4,No,http://img.pokemondb.net/artwork/lucario.jpg
448M,Lucario (Mega Lucario),70,145,88,140,70,112,625,104.17,Fighting,Steel,4,Yes,http://img.pokemondb.net/artwork/lucario-mega.jpg
449,Hippopotas,68,72,78,38,42,32,330,55,Ground,none,4,No,http://img.pokemondb.net/artwork/hippopotas.jpg
450,Hippowdon,108,112,118,68,72,47,525,87.5,Ground,none,4,No,http://img.pokemondb.net/artwork/hippowdon.jpg
451,Skorupi,40,50,90,30,55,65,330,55,Poison,Bug,4,No,http://img.pokemondb.net/artwork/skorupi.jpg
452,Drapion,70,90,110,60,75,95,500,83.33,Poison,Dark,4,No,http://img.pokemondb.net/artwork/drapion.jpg
453,Croagunk,48,61,40,61,40,50,300,50,Poison,Fighting,4,No,http://img.pokemondb.net/artwork/croagunk.jpg
454,Toxicroak,83,106,65,86,65,85,490,81.67,Poison,Fighting,4,No,http://img.pokemondb.net/artwork/toxicroak.jpg
455,Carnivine,74,100,72,90,72,46,454,75.67,Grass,none,4,No,http://img.pokemondb.net/artwork/carnivine.jpg
456,Finneon,49,49,56,49,61,66,330,55,Water,none,4,No,http://img.pokemondb.net/artwork/finneon.jpg
457,Lumineon,69,69,76,69,86,91,460,76.67,Water,none,4,No,http://img.pokemondb.net/artwork/lumineon.jpg
458,Mantyke,45,20,50,60,120,50,345,57.5,Water,Flying,4,No,http://img.pokemondb.net/artwork/mantyke.jpg
459,Snover,60,62,50,62,60,40,334,55.67,Grass,Ice,4,No,http://img.pokemondb.net/artwork/snover.jpg
460,Abomasnow,90,92,75,92,85,60,494,82.33,Grass,Ice,4,No,http://img.pokemondb.net/artwork/abomasnow.jpg
460M,Abomasnow (Mega Abomasnow),90,132,105,132,105,30,594,99,Grass,Ice,4,Yes,http://img.pokemondb.net/artwork/abomasnow-mega.jpg
461,Weavile,70,120,65,45,85,125,510,85,Dark,Ice,4,No,http://img.pokemondb.net/artwork/weavile.jpg
462,Magnezone,70,70,115,130,90,60,535,89.17,Electric,Steel,4,No,http://img.pokemondb.net/artwork/magnezone.jpg
463,Lickilicky,110,85,95,80,95,50,515,85.83,Normal,none,4,No,http://img.pokemondb.net/artwork/lickilicky.jpg
464,Rhyperior,115,140,130,55,55,40,535,89.17,Ground,Rock,4,No,http://img.pokemondb.net/artwork/rhyperior.jpg
465,Tangrowth,100,100,125,110,50,50,535,89.17,Grass,none,4,No,http://img.pokemondb.net/artwork/tangrowth.jpg
466,Electivire,75,123,67,95,85,95,540,90,Electric,none,4,No,http://img.pokemondb.net/artwork/electivire.jpg
467,Magmortar,75,95,67,125,95,83,540,90,Fire,none,4,No,http://img.pokemondb.net/artwork/magmortar.jpg
468,Togekiss,85,50,95,120,115,80,545,90.83,Fairy,Flying,4,No,http://img.pokemondb.net/artwork/togekiss.jpg
469,Yanmega,86,76,86,116,56,95,515,85.83,Bug,Flying,4,No,http://img.pokemondb.net/artwork/yanmega.jpg
470,Leafeon,65,110,130,60,65,95,525,87.5,Grass,none,4,No,http://img.pokemondb.net/artwork/leafeon.jpg
471,Glaceon,65,60,110,130,95,65,525,87.5,Ice,none,4,No,http://img.pokemondb.net/artwork/glaceon.jpg
472,Gliscor,75,95,125,45,75,95,510,85,Ground,Flying,4,No,http://img.pokemondb.net/artwork/gliscor.jpg
473,Mamoswine,110,130,80,70,60,80,530,88.33,Ice,Ground,4,No,http://img.pokemondb.net/artwork/mamoswine.jpg
474,Porygon-Z,85,80,70,135,75,90,535,89.17,Normal,none,4,No,http://img.pokemondb.net/artwork/porygon-z.jpg
475,Gallade,68,125,65,65,115,80,518,86.33,Psychic,Fighting,4,No,http://img.pokemondb.net/artwork/gallade.jpg
475M,Gallade (Mega Gallade),68,165,95,65,115,110,618,103,Psychic,Fighting,4,Yes,http://img.pokemondb.net/artwork/gallade-mega.jpg
476,Probopass,60,55,145,75,150,40,525,87.5,Rock,Steel,4,No,http://img.pokemondb.net/artwork/probopass.jpg
477,Dusknoir,45,100,135,65,135,45,525,87.5,Ghost,none,4,No,http://img.pokemondb.net/artwork/dusknoir.jpg
478,Froslass,70,80,70,80,70,110,480,80,Ice,Ghost,4,No,http://img.pokemondb.net/artwork/froslass.jpg
479,Rotom (Normal Rotom),50,50,77,95,77,91,440,73.33,Electric,Ghost,4,No,http://img.pokemondb.net/artwork/rotom-normal.jpg
479,Rotom (Heat Rotom),50,65,107,105,107,86,520,86.67,Electric,Fire,4,No,http://img.pokemondb.net/artwork/rotom-heat.jpg
479,Rotom (Wash Rotom),50,65,107,105,107,86,520,86.67,Electric,Water,4,No,http://img.pokemondb.net/artwork/rotom-wash.jpg
479,Rotom (Frost Rotom),50,65,107,105,107,86,520,86.67,Electric,Ice,4,No,http://img.pokemondb.net/artwork/rotom-frost.jpg
479,Rotom (Fan Rotom),50,65,107,105,107,86,520,86.67,Electric,Flying,4,No,http://img.pokemondb.net/artwork/rotom-fan.jpg
479,Rotom (Mow Rotom),50,65,107,105,107,86,520,86.67,Electric,Grass,4,No,http://img.pokemondb.net/artwork/rotom-mow.jpg
480,Uxie,75,75,130,75,130,95,580,96.67,Psychic,none,4,No,http://img.pokemondb.net/artwork/uxie.jpg
481,Mesprit,80,105,105,105,105,80,580,96.67,Psychic,none,4,No,http://img.pokemondb.net/artwork/mesprit.jpg
482,Azelf,75,125,70,125,70,115,580,96.67,Psychic,none,4,No,http://img.pokemondb.net/artwork/azelf.jpg
483,Dialga,100,120,120,150,100,90,680,113.33,Steel,Dragon,4,No,http://img.pokemondb.net/artwork/dialga.jpg
484,Palkia,90,120,100,150,120,100,680,113.33,Water,Dragon,4,No,http://img.pokemondb.net/artwork/palkia.jpg
485,Heatran,91,90,106,130,106,77,600,100,Fire,Steel,4,No,http://img.pokemondb.net/artwork/heatran.jpg
486,Regigigas,110,160,110,80,110,100,670,111.67,Normal,none,4,No,http://img.pokemondb.net/artwork/regigigas.jpg
487,Giratina (Altered Forme),150,100,120,100,120,90,680,113.33,Ghost,Dragon,4,No,http://img.pokemondb.net/artwork/giratina-altered.jpg
487,Giratina (Origin Forme),150,120,100,120,100,90,680,113.33,Ghost,Dragon,4,No,http://img.pokemondb.net/artwork/giratina-origin.jpg
488,Cresselia,120,70,120,75,130,85,600,100,Psychic,none,4,No,http://img.pokemondb.net/artwork/cresselia.jpg
489,Phione,80,80,80,80,80,80,480,80,Water,none,4,No,http://img.pokemondb.net/artwork/phione.jpg
490,Manaphy,100,100,100,100,100,100,600,100,Water,none,4,No,http://img.pokemondb.net/artwork/manaphy.jpg
491,Darkrai,70,90,90,135,90,125,600,100,Dark,none,4,No,http://img.pokemondb.net/artwork/darkrai.jpg
492,Shaymin (Land Forme),100,100,100,100,100,100,600,100,Grass,none,4,No,http://img.pokemondb.net/artwork/shaymin-land.jpg
492,Shaymin (Sky Forme),100,103,75,120,75,127,600,100,Grass,Flying,4,No,http://img.pokemondb.net/artwork/shaymin-sky.jpg
493,Arceus,120,120,120,120,120,120,720,120,Normal,none,4,No,http://img.pokemondb.net/artwork/arceus.jpg
494,Victini,100,100,100,100,100,100,600,100,Psychic,Fire,5,No,http://img.pokemondb.net/artwork/victini.jpg
495,Snivy,45,45,55,45,55,63,308,51.33,Grass,none,5,No,http://img.pokemondb.net/artwork/snivy.jpg
496,Servine,60,60,75,60,75,83,413,68.83,Grass,none,5,No,http://img.pokemondb.net/artwork/servine.jpg
497,Serperior,75,75,95,75,95,113,528,88,Grass,none,5,No,http://img.pokemondb.net/artwork/serperior.jpg
498,Tepig,65,63,45,45,45,45,308,51.33,Fire,none,5,No,http://img.pokemondb.net/artwork/tepig.jpg
499,Pignite,90,93,55,70,55,55,418,69.67,Fire,Fighting,5,No,http://img.pokemondb.net/artwork/pignite.jpg
500,Emboar,110,123,65,100,65,65,528,88,Fire,Fighting,5,No,http://img.pokemondb.net/artwork/emboar.jpg
501,Oshawott,55,55,45,63,45,45,308,51.33,Water,none,5,No,http://img.pokemondb.net/artwork/oshawott.jpg
502,Dewott,75,75,60,83,60,60,413,68.83,Water,none,5,No,http://img.pokemondb.net/artwork/dewott.jpg
503,Samurott,95,100,85,108,70,70,528,88,Water,none,5,No,http://img.pokemondb.net/artwork/samurott.jpg
504,Patrat,45,55,39,35,39,42,255,42.5,Normal,none,5,No,http://img.pokemondb.net/artwork/patrat.jpg
505,Watchog,60,85,69,60,69,77,420,70,Normal,none,5,No,http://img.pokemondb.net/artwork/watchog.jpg
506,Lillipup,45,60,45,25,45,55,275,45.83,Normal,none,5,No,http://img.pokemondb.net/artwork/lillipup.jpg
507,Herdier,65,80,65,35,65,60,370,61.67,Normal,none,5,No,http://img.pokemondb.net/artwork/herdier.jpg
508,Stoutland,85,110,90,45,90,80,500,83.33,Normal,none,5,No,http://img.pokemondb.net/artwork/stoutland.jpg
509,Purrloin,41,50,37,50,37,66,281,46.83,Dark,none,5,No,http://img.pokemondb.net/artwork/purrloin.jpg
510,Liepard,64,88,50,88,50,106,446,74.33,Dark,none,5,No,http://img.pokemondb.net/artwork/liepard.jpg
511,Pansage,50,53,48,53,48,64,316,52.67,Grass,none,5,No,http://img.pokemondb.net/artwork/pansage.jpg
512,Simisage,75,98,63,98,63,101,498,83,Grass,none,5,No,http://img.pokemondb.net/artwork/simisage.jpg
513,Pansear,50,53,48,53,48,64,316,52.67,Fire,none,5,No,http://img.pokemondb.net/artwork/pansear.jpg
514,Simisear,75,98,63,98,63,101,498,83,Fire,none,5,No,http://img.pokemondb.net/artwork/simisear.jpg
515,Panpour,50,53,48,53,48,64,316,52.67,Water,none,5,No,http://img.pokemondb.net/artwork/panpour.jpg
516,Simipour,75,98,63,98,63,101,498,83,Water,none,5,No,http://img.pokemondb.net/artwork/simipour.jpg
517,Munna,76,25,45,67,55,24,292,48.67,Psychic,none,5,No,http://img.pokemondb.net/artwork/munna.jpg
518,Musharna,116,55,85,107,95,29,487,81.17,Psychic,none,5,No,http://img.pokemondb.net/artwork/musharna.jpg
519,Pidove,50,55,50,36,30,43,264,44,Normal,Flying,5,No,http://img.pokemondb.net/artwork/pidove.jpg
520,Tranquill,62,77,62,50,42,65,358,59.67,Normal,Flying,5,No,http://img.pokemondb.net/artwork/tranquill.jpg
521,Unfezant,80,115,80,65,55,93,488,81.33,Normal,Flying,5,No,http://img.pokemondb.net/artwork/unfezant.jpg
522,Blitzle,45,60,32,50,32,76,295,49.17,Electric,none,5,No,http://img.pokemondb.net/artwork/blitzle.jpg
523,Zebstrika,75,100,63,80,63,116,497,82.83,Electric,none,5,No,http://img.pokemondb.net/artwork/zebstrika.jpg
524,Roggenrola,55,75,85,25,25,15,280,46.67,Rock,none,5,No,http://img.pokemondb.net/artwork/roggenrola.jpg
525,Boldore,70,105,105,50,40,20,390,65,Rock,none,5,No,http://img.pokemondb.net/artwork/boldore.jpg
526,Gigalith,85,135,130,60,80,25,515,85.83,Rock,none,5,No,http://img.pokemondb.net/artwork/gigalith.jpg
527,Woobat,55,45,43,55,43,72,313,52.17,Psychic,Flying,5,No,http://img.pokemondb.net/artwork/woobat.jpg
528,Swoobat,67,57,55,77,55,114,425,70.83,Psychic,Flying,5,No,http://img.pokemondb.net/artwork/swoobat.jpg
529,Drilbur,60,85,40,30,45,68,328,54.67,Ground,none,5,No,http://img.pokemondb.net/artwork/drilbur.jpg
530,Excadrill,110,135,60,50,65,88,508,84.67,Ground,Steel,5,No,http://img.pokemondb.net/artwork/excadrill.jpg
531,Audino,103,60,86,60,86,50,445,74.17,Normal,none,5,No,http://img.pokemondb.net/artwork/audino.jpg
531M,Audino (Mega Audino),103,60,126,80,126,50,545,90.83,Normal,none,5,Yes,http://img.pokemondb.net/artwork/audino-mega.jpg
532,Timburr,75,80,55,25,35,35,305,50.83,Fighting,none,5,No,http://img.pokemondb.net/artwork/timburr.jpg
533,Gurdurr,85,105,85,40,50,40,405,67.5,Fighting,none,5,No,http://img.pokemondb.net/artwork/gurdurr.jpg
534,Conkeldurr,105,140,95,55,65,45,505,84.17,Fighting,none,5,No,http://img.pokemondb.net/artwork/conkeldurr.jpg
535,Tympole,50,50,40,50,40,64,294,49,Water,none,5,No,http://img.pokemondb.net/artwork/tympole.jpg
536,Palpitoad,75,65,55,65,55,69,384,64,Water,Ground,5,No,http://img.pokemondb.net/artwork/palpitoad.jpg
537,Seismitoad,105,95,75,85,75,74,509,84.83,Water,Ground,5,No,http://img.pokemondb.net/artwork/seismitoad.jpg
538,Throh,120,100,85,30,85,45,465,77.5,Fighting,none,5,No,http://img.pokemondb.net/artwork/throh.jpg
539,Sawk,75,125,75,30,75,85,465,77.5,Fighting,none,5,No,http://img.pokemondb.net/artwork/sawk.jpg
540,Sewaddle,45,53,70,40,60,42,310,51.67,Bug,Grass,5,No,http://img.pokemondb.net/artwork/sewaddle.jpg
541,Swadloon,55,63,90,50,80,42,380,63.33,Bug,Grass,5,No,http://img.pokemondb.net/artwork/swadloon.jpg
542,Leavanny,75,103,80,70,80,92,500,83.33,Bug,Grass,5,No,http://img.pokemondb.net/artwork/leavanny.jpg
543,Venipede,30,45,59,30,39,57,260,43.33,Bug,Poison,5,No,http://img.pokemondb.net/artwork/venipede.jpg
544,Whirlipede,40,55,99,40,79,47,360,60,Bug,Poison,5,No,http://img.pokemondb.net/artwork/whirlipede.jpg
545,Scolipede,60,100,89,55,69,112,485,80.83,Bug,Poison,5,No,http://img.pokemondb.net/artwork/scolipede.jpg
546,Cottonee,40,27,60,37,50,66,280,46.67,Grass,Fairy,5,No,http://img.pokemondb.net/artwork/cottonee.jpg
547,Whimsicott,60,67,85,77,75,116,480,80,Grass,Fairy,5,No,http://img.pokemondb.net/artwork/whimsicott.jpg
548,Petilil,45,35,50,70,50,30,280,46.67,Grass,none,5,No,http://img.pokemondb.net/artwork/petilil.jpg
549,Lilligant,70,60,75,110,75,90,480,80,Grass,none,5,No,http://img.pokemondb.net/artwork/lilligant.jpg
550,Basculin,70,92,65,80,55,98,460,76.67,Water,none,5,No,http://img.pokemondb.net/artwork/basculin.jpg
551,Sandile,50,72,35,35,35,65,292,48.67,Ground,Dark,5,No,http://img.pokemondb.net/artwork/sandile.jpg
552,Krokorok,60,82,45,45,45,74,351,58.5,Ground,Dark,5,No,http://img.pokemondb.net/artwork/krokorok.jpg
553,Krookodile,95,117,80,65,70,92,519,86.5,Ground,Dark,5,No,http://img.pokemondb.net/artwork/krookodile.jpg
554,Darumaka,70,90,45,15,45,50,315,52.5,Fire,none,5,No,http://img.pokemondb.net/artwork/darumaka.jpg
555,Darmanitan (Standard Mode),105,140,55,30,55,95,480,80,Fire,none,5,No,http://img.pokemondb.net/artwork/darmanitan-standard.jpg
555,Darmanitan (Zen Mode),105,30,105,140,105,55,540,90,Fire,Psychic,5,No,http://img.pokemondb.net/artwork/darmanitan-zen.jpg
556,Maractus,75,86,67,106,67,60,461,76.83,Grass,none,5,No,http://img.pokemondb.net/artwork/maractus.jpg
557,Dwebble,50,65,85,35,35,55,325,54.17,Bug,Rock,5,No,http://img.pokemondb.net/artwork/dwebble.jpg
558,Crustle,70,95,125,65,75,45,475,79.17,Bug,Rock,5,No,http://img.pokemondb.net/artwork/crustle.jpg
559,Scraggy,50,75,70,35,70,48,348,58,Dark,Fighting,5,No,http://img.pokemondb.net/artwork/scraggy.jpg
560,Scrafty,65,90,115,45,115,58,488,81.33,Dark,Fighting,5,No,http://img.pokemondb.net/artwork/scrafty.jpg
561,Sigilyph,72,58,80,103,80,97,490,81.67,Psychic,Flying,5,No,http://img.pokemondb.net/artwork/sigilyph.jpg
562,Yamask,38,30,85,55,65,30,303,50.5,Ghost,none,5,No,http://img.pokemondb.net/artwork/yamask.jpg
563,Cofagrigus,58,50,145,95,105,30,483,80.5,Ghost,none,5,No,http://img.pokemondb.net/artwork/cofagrigus.jpg
564,Tirtouga,54,78,103,53,45,22,355,59.17,Water,Rock,5,No,http://img.pokemondb.net/artwork/tirtouga.jpg
565,Carracosta,74,108,133,83,65,32,495,82.5,Water,Rock,5,No,http://img.pokemondb.net/artwork/carracosta.jpg
566,Archen,55,112,45,74,45,70,401,66.83,Rock,Flying,5,No,http://img.pokemondb.net/artwork/archen.jpg
567,Archeops,75,140,65,112,65,110,567,94.5,Rock,Flying,5,No,http://img.pokemondb.net/artwork/archeops.jpg
568,Trubbish,50,50,62,40,62,65,329,54.83,Poison,none,5,No,http://img.pokemondb.net/artwork/trubbish.jpg
569,Garbodor,80,95,82,60,82,75,474,79,Poison,none,5,No,http://img.pokemondb.net/artwork/garbodor.jpg
570,Zorua,40,65,40,80,40,65,330,55,Dark,none,5,No,http://img.pokemondb.net/artwork/zorua.jpg
571,Zoroark,60,105,60,120,60,105,510,85,Dark,none,5,No,http://img.pokemondb.net/artwork/zoroark.jpg
572,Minccino,55,50,40,40,40,75,300,50,Normal,none,5,No,http://img.pokemondb.net/artwork/minccino.jpg
573,Cinccino,75,95,60,65,60,115,470,78.33,Normal,none,5,No,http://img.pokemondb.net/artwork/cinccino.jpg
574,Gothita,45,30,50,55,65,45,290,48.33,Psychic,none,5,No,http://img.pokemondb.net/artwork/gothita.jpg
575,Gothorita,60,45,70,75,85,55,390,65,Psychic,none,5,No,http://img.pokemondb.net/artwork/gothorita.jpg
576,Gothitelle,70,55,95,95,110,65,490,81.67,Psychic,none,5,No,http://img.pokemondb.net/artwork/gothitelle.jpg
577,Solosis,45,30,40,105,50,20,290,48.33,Psychic,none,5,No,http://img.pokemondb.net/artwork/solosis.jpg
578,Duosion,65,40,50,125,60,30,370,61.67,Psychic,none,5,No,http://img.pokemondb.net/artwork/duosion.jpg
579,Reuniclus,110,65,75,125,85,30,490,81.67,Psychic,none,5,No,http://img.pokemondb.net/artwork/reuniclus.jpg
580,Ducklett,62,44,50,44,50,55,305,50.83,Water,Flying,5,No,http://img.pokemondb.net/artwork/ducklett.jpg
581,Swanna,75,87,63,87,63,98,473,78.83,Water,Flying,5,No,http://img.pokemondb.net/artwork/swanna.jpg
582,Vanillite,36,50,50,65,60,44,305,50.83,Ice,none,5,No,http://img.pokemondb.net/artwork/vanillite.jpg
583,Vanillish,51,65,65,80,75,59,395,65.83,Ice,none,5,No,http://img.pokemondb.net/artwork/vanillish.jpg
584,Vanilluxe,71,95,85,110,95,79,535,89.17,Ice,none,5,No,http://img.pokemondb.net/artwork/vanilluxe.jpg
585,Deerling,60,60,50,40,50,75,335,55.83,Normal,Grass,5,No,http://img.pokemondb.net/artwork/deerling.jpg
586,Sawsbuck,80,100,70,60,70,95,475,79.17,Normal,Grass,5,No,http://img.pokemondb.net/artwork/sawsbuck.jpg
587,Emolga,55,75,60,75,60,103,428,71.33,Electric,Flying,5,No,http://img.pokemondb.net/artwork/emolga.jpg
588,Karrablast,50,75,45,40,45,60,315,52.5,Bug,none,5,No,http://img.pokemondb.net/artwork/karrablast.jpg
589,Escavalier,70,135,105,60,105,20,495,82.5,Bug,Steel,5,No,http://img.pokemondb.net/artwork/escavalier.jpg
590,Foongus,69,55,45,55,55,15,294,49,Grass,Poison,5,No,http://img.pokemondb.net/artwork/foongus.jpg
591,Amoonguss,114,85,70,85,80,30,464,77.33,Grass,Poison,5,No,http://img.pokemondb.net/artwork/amoonguss.jpg
592,Frillish,55,40,50,65,85,40,335,55.83,Water,Ghost,5,No,http://img.pokemondb.net/artwork/frillish.jpg
593,Jellicent,100,60,70,85,105,60,480,80,Water,Ghost,5,No,http://img.pokemondb.net/artwork/jellicent.jpg
594,Alomomola,165,75,80,40,45,65,470,78.33,Water,none,5,No,http://img.pokemondb.net/artwork/alomomola.jpg
595,Joltik,50,47,50,57,50,65,319,53.17,Bug,Electric,5,No,http://img.pokemondb.net/artwork/joltik.jpg
596,Galvantula,70,77,60,97,60,108,472,78.67,Bug,Electric,5,No,http://img.pokemondb.net/artwork/galvantula.jpg
597,Ferroseed,44,50,91,24,86,10,305,50.83,Grass,Steel,5,No,http://img.pokemondb.net/artwork/ferroseed.jpg
598,Ferrothorn,74,94,131,54,116,20,489,81.5,Grass,Steel,5,No,http://img.pokemondb.net/artwork/ferrothorn.jpg
599,Klink,40,55,70,45,60,30,300,50,Steel,none,5,No,http://img.pokemondb.net/artwork/klink.jpg
600,Klang,60,80,95,70,85,50,440,73.33,Steel,none,5,No,http://img.pokemondb.net/artwork/klang.jpg
601,Klinklang,60,100,115,70,85,90,520,86.67,Steel,none,5,No,http://img.pokemondb.net/artwork/klinklang.jpg
602,Tynamo,35,55,40,45,40,60,275,45.83,Electric,none,5,No,http://img.pokemondb.net/artwork/tynamo.jpg
603,Eelektrik,65,85,70,75,70,40,405,67.5,Electric,none,5,No,http://img.pokemondb.net/artwork/eelektrik.jpg
604,Eelektross,85,115,80,105,80,50,515,85.83,Electric,none,5,No,http://img.pokemondb.net/artwork/eelektross.jpg
605,Elgyem,55,55,55,85,55,30,335,55.83,Psychic,none,5,No,http://img.pokemondb.net/artwork/elgyem.jpg
606,Beheeyem,75,75,75,125,95,40,485,80.83,Psychic,none,5,No,http://img.pokemondb.net/artwork/beheeyem.jpg
607,Litwick,50,30,55,65,55,20,275,45.83,Ghost,Fire,5,No,http://img.pokemondb.net/artwork/litwick.jpg
608,Lampent,60,40,60,95,60,55,370,61.67,Ghost,Fire,5,No,http://img.pokemondb.net/artwork/lampent.jpg
609,Chandelure,60,55,90,145,90,80,520,86.67,Ghost,Fire,5,No,http://img.pokemondb.net/artwork/chandelure.jpg
610,Axew,46,87,60,30,40,57,320,53.33,Dragon,none,5,No,http://img.pokemondb.net/artwork/axew.jpg
611,Fraxure,66,117,70,40,50,67,410,68.33,Dragon,none,5,No,http://img.pokemondb.net/artwork/fraxure.jpg
612,Haxorus,76,147,90,60,70,97,540,90,Dragon,none,5,No,http://img.pokemondb.net/artwork/haxorus.jpg
613,Cubchoo,55,70,40,60,40,40,305,50.83,Ice,none,5,No,http://img.pokemondb.net/artwork/cubchoo.jpg
614,Beartic,95,110,80,70,80,50,485,80.83,Ice,none,5,No,http://img.pokemondb.net/artwork/beartic.jpg
615,Cryogonal,70,50,30,95,135,105,485,80.83,Ice,none,5,No,http://img.pokemondb.net/artwork/cryogonal.jpg
616,Shelmet,50,40,85,40,65,25,305,50.83,Bug,none,5,No,http://img.pokemondb.net/artwork/shelmet.jpg
617,Accelgor,80,70,40,100,60,145,495,82.5,Bug,none,5,No,http://img.pokemondb.net/artwork/accelgor.jpg
618,Stunfisk,109,66,84,81,99,32,471,78.5,Ground,Electric,5,No,http://img.pokemondb.net/artwork/stunfisk.jpg
619,Mienfoo,45,85,50,55,50,65,350,58.33,Fighting,none,5,No,http://img.pokemondb.net/artwork/mienfoo.jpg
620,Mienshao,65,125,60,95,60,105,510,85,Fighting,none,5,No,http://img.pokemondb.net/artwork/mienshao.jpg
621,Druddigon,77,120,90,60,90,48,485,80.83,Dragon,none,5,No,http://img.pokemondb.net/artwork/druddigon.jpg
622,Golett,59,74,50,35,50,35,303,50.5,Ground,Ghost,5,No,http://img.pokemondb.net/artwork/golett.jpg
623,Golurk,89,124,80,55,80,55,483,80.5,Ground,Ghost,5,No,http://img.pokemondb.net/artwork/golurk.jpg
624,Pawniard,45,85,70,40,40,60,340,56.67,Dark,Steel,5,No,http://img.pokemondb.net/artwork/pawniard.jpg
625,Bisharp,65,125,100,60,70,70,490,81.67,Dark,Steel,5,No,http://img.pokemondb.net/artwork/bisharp.jpg
626,Bouffalant,95,110,95,40,95,55,490,81.67,Normal,none,5,No,http://img.pokemondb.net/artwork/bouffalant.jpg
627,Rufflet,70,83,50,37,50,60,350,58.33,Normal,Flying,5,No,http://img.pokemondb.net/artwork/rufflet.jpg
628,Braviary,100,123,75,57,75,80,510,85,Normal,Flying,5,No,http://img.pokemondb.net/artwork/braviary.jpg
629,Vullaby,70,55,75,45,65,60,370,61.67,Dark,Flying,5,No,http://img.pokemondb.net/artwork/vullaby.jpg
630,Mandibuzz,110,65,105,55,95,80,510,85,Dark,Flying,5,No,http://img.pokemondb.net/artwork/mandibuzz.jpg
631,Heatmor,85,97,66,105,66,65,484,80.67,Fire,none,5,No,http://img.pokemondb.net/artwork/heatmor.jpg
632,Durant,58,109,112,48,48,109,484,80.67,Bug,Steel,5,No,http://img.pokemondb.net/artwork/durant.jpg
633,Deino,52,65,50,45,50,38,300,50,Dark,Dragon,5,No,http://img.pokemondb.net/artwork/deino.jpg
634,Zweilous,72,85,70,65,70,58,420,70,Dark,Dragon,5,No,http://img.pokemondb.net/artwork/zweilous.jpg
635,Hydreigon,92,105,90,125,90,98,600,100,Dark,Dragon,5,No,http://img.pokemondb.net/artwork/hydreigon.jpg
636,Larvesta,55,85,55,50,55,60,360,60,Bug,Fire,5,No,http://img.pokemondb.net/artwork/larvesta.jpg
637,Volcarona,85,60,65,135,105,100,550,91.67,Bug,Fire,5,No,http://img.pokemondb.net/artwork/volcarona.jpg
638,Cobalion,91,90,129,90,72,108,580,96.67,Steel,Fighting,5,No,http://img.pokemondb.net/artwork/cobalion.jpg
639,Terrakion,91,129,90,72,90,108,580,96.67,Rock,Fighting,5,No,http://img.pokemondb.net/artwork/terrakion.jpg
640,Virizion,91,90,72,90,129,108,580,96.67,Grass,Fighting,5,No,http://img.pokemondb.net/artwork/virizion.jpg
641,Tornadus (Incarnate Forme),79,115,70,125,80,111,580,96.67,Flying,none,5,No,http://img.pokemondb.net/artwork/tornadus-incarnate.jpg
641,Tornadus (Therian Forme),79,100,80,110,90,121,580,96.67,Flying,none,5,No,http://img.pokemondb.net/artwork/tornadus-therian.jpg
642,Thundurus (Incarnate Forme),79,115,70,125,80,111,580,96.67,Electric,Flying,5,No,http://img.pokemondb.net/artwork/thundurus-incarnate.jpg
642,Thundurus (Therian Forme),79,105,70,145,80,101,580,96.67,Electric,Flying,5,No,http://img.pokemondb.net/artwork/thundurus-therian.jpg
643,Reshiram,100,120,100,150,120,90,680,113.33,Dragon,Fire,5,No,http://img.pokemondb.net/artwork/reshiram.jpg
644,Zekrom,100,150,120,120,100,90,680,113.33,Dragon,Electric,5,No,http://img.pokemondb.net/artwork/zekrom.jpg
645,Landorus (Incarnate Forme),89,125,90,115,80,101,600,100,Ground,Flying,5,No,http://img.pokemondb.net/artwork/landorus-incarnate.jpg
645,Landorus (Therian Forme),89,145,90,105,80,91,600,100,Ground,Flying,5,No,http://img.pokemondb.net/artwork/landorus-therian.jpg
646,Kyurem (Normal Kyurem),125,130,90,130,90,95,660,110,Dragon,Ice,5,No,http://img.pokemondb.net/artwork/kyurem-normal.jpg
646,Kyurem (Black Kyurem),125,170,100,120,90,95,700,116.67,Dragon,Ice,5,No,http://img.pokemondb.net/artwork/kyurem-black.jpg
646,Kyurem (White Kyurem),125,120,90,170,100,95,700,116.67,Dragon,Ice,5,No,http://img.pokemondb.net/artwork/kyurem-white.jpg
647,Keldeo,91,72,90,129,90,108,580,96.67,Water,Fighting,5,No,http://img.pokemondb.net/artwork/keldeo.jpg
648,Meloetta (Aria Forme),100,77,77,128,128,90,600,100,Normal,Psychic,5,No,http://img.pokemondb.net/artwork/meloetta-aria.jpg
648,Meloetta (Pirouette Forme),100,128,90,77,77,128,600,100,Normal,Fighting,5,No,http://img.pokemondb.net/artwork/meloetta-pirouette.jpg
649,Genesect,71,120,95,120,95,99,600,100,Bug,Steel,5,No,http://img.pokemondb.net/artwork/genesect.jpg
650,Chespin,56,61,65,48,45,38,313,52.17,Grass,none,6,No,http://img.pokemondb.net/artwork/chespin.jpg
651,Quilladin,61,78,95,56,58,57,405,67.5,Grass,none,6,No,http://img.pokemondb.net/artwork/quilladin.jpg
652,Chesnaught,88,107,122,74,75,64,530,88.33,Grass,Fighting,6,No,http://img.pokemondb.net/artwork/chesnaught.jpg
653,Fennekin,40,45,40,62,60,60,307,51.17,Fire,none,6,No,http://img.pokemondb.net/artwork/fennekin.jpg
654,Braixen,59,59,58,90,70,73,409,68.17,Fire,none,6,No,http://img.pokemondb.net/artwork/braixen.jpg
655,Delphox,75,69,72,114,100,104,534,89,Fire,Psychic,6,No,http://img.pokemondb.net/artwork/delphox.jpg
656,Froakie,41,56,40,62,44,71,314,52.33,Water,none,6,No,http://img.pokemondb.net/artwork/froakie.jpg
657,Frogadier,54,63,52,83,56,97,405,67.5,Water,none,6,No,http://img.pokemondb.net/artwork/frogadier.jpg
658,Greninja,72,95,67,103,71,122,530,88.33,Water,Dark,6,No,http://img.pokemondb.net/artwork/greninja.jpg
659,Bunnelby,38,36,38,32,36,57,237,39.5,Normal,none,6,No,http://img.pokemondb.net/artwork/bunnelby.jpg
660,Diggersby,85,56,77,50,77,78,423,70.5,Normal,Ground,6,No,http://img.pokemondb.net/artwork/diggersby.jpg
661,Fletchling,45,50,43,40,38,62,278,46.33,Normal,Flying,6,No,http://img.pokemondb.net/artwork/fletchling.jpg
662,Fletchinder,62,73,55,56,52,84,382,63.67,Fire,Flying,6,No,http://img.pokemondb.net/artwork/fletchinder.jpg
663,Talonflame,78,81,71,74,69,126,499,83.17,Fire,Flying,6,No,http://img.pokemondb.net/artwork/talonflame.jpg
664,Scatterbug,38,35,40,27,25,35,200,33.33,Bug,none,6,No,http://img.pokemondb.net/artwork/scatterbug.jpg
665,Spewpa,45,22,60,27,30,29,213,35.5,Bug,none,6,No,http://img.pokemondb.net/artwork/spewpa.jpg
666,Vivillon,80,52,50,90,50,89,411,68.5,Bug,Flying,6,No,http://img.pokemondb.net/artwork/vivillon.jpg
667,Litleo,62,50,58,73,54,72,369,61.5,Fire,Normal,6,No,http://img.pokemondb.net/artwork/litleo.jpg
668,Pyroar,86,68,72,109,66,106,507,84.5,Fire,Normal,6,No,http://img.pokemondb.net/artwork/pyroar.jpg
669,Flabébé,44,38,39,61,79,42,303,50.5,Fairy,none,6,No,http://img.pokemondb.net/artwork/flabébé.jpg
670,Floette,54,45,47,75,98,52,371,61.83,Fairy,none,6,No,http://img.pokemondb.net/artwork/floette.jpg
671,Florges,78,65,68,112,154,75,552,92,Fairy,none,6,No,http://img.pokemondb.net/artwork/florges.jpg
672,Skiddo,66,65,48,62,57,52,350,58.33,Grass,none,6,No,http://img.pokemondb.net/artwork/skiddo.jpg
673,Gogoat,123,100,62,97,81,68,531,88.5,Grass,none,6,No,http://img.pokemondb.net/artwork/gogoat.jpg
674,Pancham,67,82,62,46,48,43,348,58,Dark,none,6,No,http://img.pokemondb.net/artwork/pancham.jpg
675,Pangoro,95,124,78,69,71,58,495,82.5,Dark,Fighting,6,No,http://img.pokemondb.net/artwork/pangoro.jpg
676,Furfrou,75,80,60,65,90,102,472,78.67,Normal,none,6,No,http://img.pokemondb.net/artwork/furfrou.jpg
677,Espurr,62,48,54,63,60,68,355,59.17,Psychic,none,6,No,http://img.pokemondb.net/artwork/espurr.jpg
678,Meowstic,74,48,76,83,81,104,466,77.67,Psychic,none,6,No,http://img.pokemondb.net/artwork/meowstic.jpg
679,Honedge,45,80,100,35,37,28,325,54.17,Steel,Ghost,6,No,http://img.pokemondb.net/artwork/honedge.jpg
680,Doublade,59,110,150,45,49,35,448,74.67,Steel,Ghost,6,No,http://img.pokemondb.net/artwork/doublade.jpg
681,Aegislash (Shield Forme),60,50,150,50,150,60,520,86.67,Steel,Ghost,6,No,http://img.pokemondb.net/artwork/aegislash-shield.jpg
681B,Aegislash (Blade Forme),60,150,50,150,50,60,520,86.67,Steel,Ghost,6,Yes,http://img.pokemondb.net/artwork/aegislash-blade.jpg
682,Spritzee,78,52,60,63,65,23,341,56.83,Fairy,none,6,No,http://img.pokemondb.net/artwork/spritzee.jpg
683,Aromatisse,101,72,72,99,89,29,462,77,Fairy,none,6,No,http://img.pokemondb.net/artwork/aromatisse.jpg
684,Swirlix,62,48,66,59,57,49,341,56.83,Fairy,none,6,No,http://img.pokemondb.net/artwork/swirlix.jpg
685,Slurpuff,82,80,86,85,75,72,480,80,Fairy,none,6,No,http://img.pokemondb.net/artwork/slurpuff.jpg
686,Inkay,53,54,53,37,46,45,288,48,Dark,Psychic,6,No,http://img.pokemondb.net/artwork/inkay.jpg
687,Malamar,86,92,88,68,75,73,482,80.33,Dark,Psychic,6,No,http://img.pokemondb.net/artwork/malamar.jpg
688,Binacle,42,52,67,39,56,50,306,51,Rock,Water,6,No,http://img.pokemondb.net/artwork/binacle.jpg
689,Barbaracle,72,105,115,54,86,68,500,83.33,Rock,Water,6,No,http://img.pokemondb.net/artwork/barbaracle.jpg
690,Skrelp,50,60,60,60,60,30,320,53.33,Poison,Water,6,No,http://img.pokemondb.net/artwork/skrelp.jpg
691,Dragalge,65,75,90,97,123,44,494,82.33,Poison,Dragon,6,No,http://img.pokemondb.net/artwork/dragalge.jpg
692,Clauncher,50,53,62,58,63,44,330,55,Water,none,6,No,http://img.pokemondb.net/artwork/clauncher.jpg
693,Clawitzer,71,73,88,120,89,59,500,83.33,Water,none,6,No,http://img.pokemondb.net/artwork/clawitzer.jpg
694,Helioptile,44,38,33,61,43,70,289,48.17,Electric,Normal,6,No,http://img.pokemondb.net/artwork/helioptile.jpg
695,Heliolisk,62,55,52,109,94,109,481,80.17,Electric,Normal,6,No,http://img.pokemondb.net/artwork/heliolisk.jpg
696,Tyrunt,58,89,77,45,45,48,362,60.33,Rock,Dragon,6,No,http://img.pokemondb.net/artwork/tyrunt.jpg
697,Tyrantrum,82,121,119,69,59,71,521,86.83,Rock,Dragon,6,No,http://img.pokemondb.net/artwork/tyrantrum.jpg
698,Amaura,77,59,50,67,63,46,362,60.33,Rock,Ice,6,No,http://img.pokemondb.net/artwork/amaura.jpg
699,Aurorus,123,77,72,99,92,58,521,86.83,Rock,Ice,6,No,http://img.pokemondb.net/artwork/aurorus.jpg
700,Sylveon,95,65,65,110,130,60,525,87.5,Fairy,none,6,No,http://img.pokemondb.net/artwork/sylveon.jpg
701,Hawlucha,78,92,75,74,63,118,500,83.33,Fighting,Flying,6,No,http://img.pokemondb.net/artwork/hawlucha.jpg
702,Dedenne,67,58,57,81,67,101,431,71.83,Electric,Fairy,6,No,http://img.pokemondb.net/artwork/dedenne.jpg
703,Carbink,50,50,150,50,150,50,500,83.33,Rock,Fairy,6,No,http://img.pokemondb.net/artwork/carbink.jpg
704,Goomy,45,50,35,55,75,40,300,50,Dragon,none,6,No,http://img.pokemondb.net/artwork/goomy.jpg
705,Sliggoo,68,75,53,83,113,60,452,75.33,Dragon,none,6,No,http://img.pokemondb.net/artwork/sliggoo.jpg
706,Goodra,90,100,70,110,150,80,600,100,Dragon,none,6,No,http://img.pokemondb.net/artwork/goodra.jpg
707,Klefki,57,80,91,80,87,75,470,78.33,Steel,Fairy,6,No,http://img.pokemondb.net/artwork/klefki.jpg
708,Phantump,43,70,48,50,60,38,309,51.5,Ghost,Grass,6,No,http://img.pokemondb.net/artwork/phantump.jpg
709,Trevenant,85,110,76,65,82,56,474,79,Ghost,Grass,6,No,http://img.pokemondb.net/artwork/trevenant.jpg
710,Pumpkaboo (Small Size),44,66,70,44,55,56,335,55.83,Ghost,Grass,6,No,http://img.pokemondb.net/artwork/pumpkaboo-average.jpg
710,Pumpkaboo (Average Size),49,66,70,44,55,51,335,55.83,Ghost,Grass,6,No,http://img.pokemondb.net/artwork/pumpkaboo-small.jpg
710,Pumpkaboo (Large Size),54,66,70,44,55,46,335,55.83,Ghost,Grass,6,No,http://img.pokemondb.net/artwork/pumpkaboo-large.jpg
710,Pumpkaboo (Super Size),59,66,70,44,55,41,335,55.83,Ghost,Grass,6,No,http://img.pokemondb.net/artwork/pumpkaboo-super.jpg
711,Gourgeist (Small Size),55,85,122,58,75,99,494,82.33,Ghost,Grass,6,No,http://img.pokemondb.net/artwork/gourgeist-small.jpg
711,Gourgeist (Average Size),65,90,122,58,75,84,494,82.33,Ghost,Grass,6,No,http://img.pokemondb.net/artwork/gourgeist-average.jpg
711,Gourgeist (Large Size),75,95,122,58,75,69,494,82.33,Ghost,Grass,6,No,http://img.pokemondb.net/artwork/gourgeist-large.jpg
711,Gourgeist (Super Size),85,100,122,58,75,54,494,82.33,Ghost,Grass,6,No,http://img.pokemondb.net/artwork/gourgeist-super.jpg
712,Bergmite,55,69,85,32,35,28,304,50.67,Ice,none,6,No,http://img.pokemondb.net/artwork/bergmite.jpg
713,Avalugg,95,117,184,44,46,28,514,85.67,Ice,none,6,No,http://img.pokemondb.net/artwork/avalugg.jpg
714,Noibat,40,30,35,45,40,55,245,40.83,Flying,Dragon,6,No,http://img.pokemondb.net/artwork/noibat.jpg
715,Noivern,85,70,80,97,80,123,535,89.17,Flying,Dragon,6,No,http://img.pokemondb.net/artwork/noivern.jpg
716,Xerneas,126,131,95,131,98,99,680,113.33,Fairy,none,6,No,http://img.pokemondb.net/artwork/xerneas.jpg
717,Yveltal,126,131,95,131,98,99,680,113.33,Dark,Flying,6,No,http://img.pokemondb.net/artwork/yveltal.jpg
718,Zygarde,108,100,121,81,95,95,600,100,Dragon,Ground,6,No,http://img.pokemondb.net/artwork/zygarde.jpg
719,Diancie,50,100,150,100,150,50,600,100,Rock,Fairy,6,No,http://img.pokemondb.net/artwork/diancie.jpg
719M,Diancie (Mega Diancie),50,160,110,160,110,110,700,116.67,Rock,Fairy,6,Yes,http://img.pokemondb.net/artwork/diancie-mega.jpg
720,Hoopa (Hoopa Confined),80,110,60,150,130,70,600,100,Psychic,Ghost,6,No,http://img.pokemondb.net/artwork/hoopa-confined.jpg
720U,Hoopa (Hoopa Unbound),80,160,60,170,130,80,680,113.33,Psychic,Dark,6,Yes,http://img.pokemondb.net/artwork/hoopa-unbound.jpg
,,,,,,,,,,,,,,
